address_norm,address_raw,provider_name,clinic_name,confidence,evidence,provider_row_index,clinic_row_index
100 EXECUTIVE CENTER BLVD STE B EL PASO TX 79902,"100 Executive Center Blvd Suite B, El Paso, TX 79902, United States",Dr. Olufemi Aduroja,Hopewell Medical Center,0.97,Same phone number and same domain (hopewellmc.com) indicates provider practices at Hopewell Medical Center,255,119.0
1000 N MESA ST EL PASO TX 79902,"1000 N Mesa St, El Paso, TX 79902, United States",Dr. Carlos Viesca - Border Pain Institute,Border Pain Institute,0.95,Provider listing explicitly includes 'Border Pain Institute' and shares the same phone/website as the clinic record.,84,217.0
10090 RUSHING RD B EL PASO TX 79924,"10090 Rushing Rd B, El Paso, TX 79924, United States","Michael Velasquez, DO",Village Medical at Walgreens - Rushfair,0.96,Provider profile is on Village Medical site and shares the same phone/address as the Village Medical at Walgreens - Rushfair location.,845,360.0
101 POTASIO FABENS TX 79838,"101 Potasio, Fabens, TX 79838, United States","Marina Trevino, MD",UMC - Fabens Clinic,0.97,Same phone number and UMC outpatient clinics website aligns with UMC - Fabens Clinic.,1387,1379.0
101 POTASIO FABENS TX 79838,"101 Potasio, Fabens, TX 79838, United States","Marissa Flores, MD",UMC - Fabens Clinic,0.97,Same phone number and UMC outpatient clinics website aligns with UMC - Fabens Clinic.,1388,1379.0
101 POTASIO FABENS TX 79838,"101 Potasio, Fabens, TX 79838, United States","Janel Lynch, MD",UMC - Fabens Clinic,0.97,Same phone number and UMC outpatient clinics website aligns with UMC - Fabens Clinic.,1389,1379.0
101 POTASIO FABENS TX 79838,"101 Potasio, Fabens, TX 79838, United States",Lawson Mark E MD,UMC - Fabens Clinic,0.55,Shares the same address group but has different phone and no website; best match is the only clinic listed at this address.,1393,1379.0
101 POTASIO FABENS TX 79838,"101 Potasio, Fabens, TX 79838, United States",Torio Frederick U MD,UMC - Fabens Clinic,0.55,Shares the same address group; no phone/website provided; best match is the only clinic listed at this address.,1394,1379.0
10201 GATEWAY BLVD W 210 EL PASO TX 79925,"10201 Gateway Blvd W # 210, El Paso, TX 79925, United States","Dr. David O. Opawumi, MD",Kidney Care El Paso,0.96,Provider record shares the same phone number and domain (kidneycareep.com) as the clinic.,711,173.0
10211 ALAMEDA AVE SOCORRO TX 79927,"10211 Alameda Ave, Socorro, TX 79927, United States","Eduardo Covarrubias, MD",,0.7,"No clinic/facility record provided in this address group; website suggests affiliation with Border Pediatrics (UMC), but not listed as a separate clinic entity here",889,
10211 ALAMEDA AVE SOCORRO TX 79927,"10211 Alameda Ave, Socorro, TX 79927, United States","Niurka Curbelo, MD",,0.7,"No clinic/facility record provided in this address group; website suggests affiliation with Border Pediatrics (UMC), but not listed as a separate clinic entity here",902,
1031 N ZARAGOZA RD EL PASO TX 79907,"1031 N Zaragoza Rd, El Paso, TX 79907, United States",Juan G. Becerra MD Medical Services of the Border Zaragoza,"Medical Services of the Border, PA",0.9,Same phone number and shared 'Medical Services of the Border' branding/website indicate provider practices at this clinic,486,468.0
10435 VISTA DEL SOL DR EL PASO TX 79925,"10435 Vista del Sol Dr, El Paso, TX 79925, United States","Emilio Antonio Doring, MD",Conviva Senior Primary Care,0.93,Provider listed with Conviva website and shares address group with Conviva Senior Primary Care location,1409,718.0
10435 VISTA DEL SOL DR EL PASO TX 79925,"10435 Vista del Sol Dr, El Paso, TX 79925, United States","Fabio Spadaro, MD",Conviva Senior Primary Care,0.93,Provider listed with Conviva website and shares address group with Conviva Senior Primary Care location,1411,718.0
10600 N LOOP DR SOCORRO TX 79927,"10600 N Loop Dr, Socorro, TX 79927, United States",Dr.Carol Abalihi,Socorro Pediatrics & Autism,0.62,Only identified clinic/facility in this address group; provider likely practices at the same location,905,898.0
10640 GATEWAY N BLVD B EL PASO TX 79924,"10640 Gateway N Blvd B, El Paso, TX 79924, United States","Rafael Medrano, MD",Cardiology Care Consultants - Gateway North Boulevard,0.97,Provider phone matches Cardiology Care Consultants and physician profile is on cardiologycare.com.,859,853.0
11026 VISTA DEL SOL DR EL PASO TX 79935,"11026 Vista del Sol Dr, El Paso, TX 79935, United States",Patel Jignesh MD,Dr.Patel's pediatrics health center,0.92,Same phone number and same clinic website domain (patelphc.com) as the health center,1020,1003.0
11026 VISTA DEL SOL DR EL PASO TX 79935,"11026 Vista del Sol Dr, El Paso, TX 79935, United States",Dr. Riddhi Patel,Dr.Patel's pediatrics health center,0.92,Same phone number and same clinic website domain (patelphc.com) as the health center,1028,1003.0
11040 VISTA DEL SOL DR STE A EL PASO TX 79935,"11040 Vista del Sol Dr Suite A, El Paso, TX 79935, United States","David Monticone, MD",Eastside Women's Healthcare Center,0.93,Same phone number and same womenscareofelpaso.com organization; clinic record is the location for the providers.,1017,996.0
11040 VISTA DEL SOL DR STE A EL PASO TX 79935,"11040 Vista del Sol Dr Suite A, El Paso, TX 79935, United States","Jesus Baeza, MD",Eastside Women's Healthcare Center,0.93,Same phone number and same womenscareofelpaso.com organization; clinic record is the location for the providers.,1018,996.0
11167 1/2 LA QUINTA PL EL PASO TX 79936,"11167 1/2, La Quinta Pl, El Paso, TX 79936, United States","Dr. Anne V. Hale, MD",In Vogue Total Women's Healthcare PLLC,0.93,Same phone number and same clinic website domain indicates the doctor practices at the clinic.,1023,1004.0
1125 TEXAS AVE STE 501 EL PASO TX 79901,"1125 Texas Ave Ste 501, El Paso, TX 79901, United States",Dr. Benjamin Westbrook,El Paso Head and Neck Surgery,0.92,Provider record shares the same phone number and practice website domain as El Paso Head and Neck Surgery.,80,32.0
11331 JAMES WATT DR BUILDING 100 EL PASO TX 79936,"11331 James Watt Dr Building 100, El Paso, TX 79936, United States","Farooque Ahmed, M.D - Internal Medicine Primary Care",James Watt Medical Center,0.92,"Provider and clinic share the same phone number, indicating the provider practices at this medical center.",1011,472.0
1135 S MAIN ST STE B LAS CRUCES NM 88005,"1135 S Main St STE B, Las Cruces, NM 88005, United States","Conchita Paz, MD",MountainView Medical Group Family Care Associates,0.92,Same phone number and same MountainView docs domain; clinic record is the only facility at this address.,1231,1193.0
1135 S MAIN ST STE B LAS CRUCES NM 88005,"1135 S Main St STE B, Las Cruces, NM 88005, United States","Sergio Huerta, DO",MountainView Medical Group Family Care Associates,0.92,Same phone number and same MountainView docs domain; clinic record is the only facility at this address.,1232,1193.0
1135 S MAIN ST STE B LAS CRUCES NM 88005,"1135 S Main St STE B, Las Cruces, NM 88005, United States","Jesus Figueredo, D.O.",MountainView Medical Group Family Care Associates,0.92,Same phone number and same MountainView docs domain; clinic record is the only facility at this address.,1233,1193.0
1135 S MAIN ST STE B LAS CRUCES NM 88005,"1135 S Main St STE B, Las Cruces, NM 88005, United States","Brenda Cuellar, MD",MountainView Medical Group Family Care Associates,0.92,Same phone number and same MountainView docs domain; clinic record is the only facility at this address.,1234,1193.0
1135 S MAIN ST STE B LAS CRUCES NM 88005,"1135 S Main St STE B, Las Cruces, NM 88005, United States","Laura Ortega, CNP",MountainView Medical Group Family Care Associates,0.92,Same phone number and same MountainView docs domain; clinic record is the only facility at this address.,1235,1193.0
1135 S MAIN ST STE B LAS CRUCES NM 88005,"1135 S Main St STE B, Las Cruces, NM 88005, United States","Angelina Carver, CFNP",MountainView Medical Group Family Care Associates,0.92,Same phone number and same MountainView docs domain; clinic record is the only facility at this address.,1237,1193.0
11450 GATEWAY N BLVD STE 1100 EL PASO TX 79934,"11450 Gateway N Blvd Suite 1100, El Paso, TX 79934, United States","Pedro ""Pete"" Natividad, FNP-C",Providence Medical Partners - North East,0.93,Same address group and phone number; provider page is on Providence Medical Partners site matching the clinic name,986,980.0
11450 GATEWAY N BLVD STE 2100 EL PASO TX 79934,"11450 Gateway N Blvd ste 2100, El Paso, TX 79934, United States","Raul J Lopez, MD",West Texas Pain Institute: Northeast Location,0.93,Provider uses westtexaspain.com domain matching West Texas Pain Institute location at the shared address.,987,983.0
11450 GATEWAY N BLVD STE 2100 EL PASO TX 79934,"11450 Gateway N Blvd ste 2100, El Paso, TX 79934, United States","Kendrick Thomas, MD",West Texas Pain Institute: Northeast Location,0.97,Provider profile hosted on westtexaspain.com and shares the same address group as West Texas Pain Institute: Northeast Location.,988,983.0
11548 VISTA DEL SOL DR EL PASO TX 79936,"11548 Vista del Sol Dr, El Paso, TX 79936, United States","Dr. Maria T. Rubio-Pinaroc, MD",Sun Valley Medical Clinic,0.93,Provider shares the same phone number as Sun Valley Medical Clinic at this address,1056,492.0
1160 SADDLE BRONC DR EL PASO TX 79925,"1160 Saddle Bronc Dr, El Paso, TX 79925, United States","Dr. Joseph H. Segapeli, MD",El Paso Pediatric Associates,0.97,Same phone number and elpasopeds.com domain indicates provider profile under El Paso Pediatric Associates.,561,544.0
1160 SADDLE BRONC DR EL PASO TX 79925,"1160 Saddle Bronc Dr, El Paso, TX 79925, United States",Kronfol Rana N MD,El Paso Pediatric Associates,0.97,Shares phone number and elpasopeds.com website with the clinic.,872,544.0
1160 SADDLE BRONC DR EL PASO TX 79925,"1160 Saddle Bronc Dr, El Paso, TX 79925, United States","Dr. Stuart W. Kahn, MD",El Paso Pediatric Associates,0.97,Same phone number and elpasopeds.com domain as the clinic listing.,880,544.0
11800 MONTANA AVE EL PASO TX 79936,"11800 Montana Ave, El Paso, TX 79936, United States","Dr. Stanley O. Usen, MD",M & C Childrens Clinic Pa,0.95,Provider uses same phone number and the website domain matches the clinic (mcchildrens.com).,1067,1034.0
11851 PHYSICIANS DR EL PASO TX 79936,"11851 Physicians Dr, El Paso, TX 79936, United States","El Paso Center for Family & Sports Medicine: Angel Garcia, MD",,0.46,"Provider appears associated with 'El Paso Center for Family & Sports Medicine', which is not listed as a separate clinic record in this group; not enough evidence to link to Airrosti.",478,
11880 VISTA DEL SOL DR STE B EL PASO TX 79936,"11880 Vista del Sol Dr Suite B, El Paso, TX 79936, United States","Dr. Ralu Hinojos, MD",Primary Healthcare Physicians,0.93,Same phone number and provider record uses the clinic website domain (phpelpaso.com).,903,763.0
11880 VISTA DEL SOL DR STE B EL PASO TX 79936,"11880 Vista del Sol Dr Suite B, El Paso, TX 79936, United States",Dr. Olmer Brooker,Primary Healthcare Physicians,0.95,Provider listed on php elpaso 'about-us' page and shares clinic phone number.,906,763.0
11880 VISTA DEL SOL DR STE B EL PASO TX 79936,"11880 Vista del Sol Dr Suite B, El Paso, TX 79936, United States","Dr. Raul Zayas, MD",Primary Healthcare Physicians,0.88,Shares the same primary phone number used by Primary Healthcare Physicians at this address.,1047,763.0
11880 VISTA DEL SOL DR STE B EL PASO TX 79936,"11880 Vista del Sol Dr Suite B, El Paso, TX 79936, United States","Dr. Ronald F. Baker, MD",Primary Healthcare Physicians,0.87,Shares the same primary phone number used by Primary Healthcare Physicians at this address.,1053,763.0
11880 VISTA DEL SOL DR STE B EL PASO TX 79936,"11880 Vista del Sol Dr Suite B, El Paso, TX 79936, United States","Dr. Jaime H. Square, MD",Primary Healthcare Physicians,0.88,Shares the same primary phone number used by Primary Healthcare Physicians at this address.,1063,763.0
11989 PELLICANO DR C EL PASO TX 79936,"11989 Pellicano Dr C, El Paso, TX 79936, United States",El Paso Kidney Specialists Pa: Rosario Rey F MD,El Paso Kidney Specialists-East,0.92,Same address/phone and explicitly part of El Paso Kidney Specialists,758,188.0
11989 PELLICANO DR C EL PASO TX 79936,"11989 Pellicano Dr C, El Paso, TX 79936, United States","Dr. Jaime Gonzalez, MD",El Paso Kidney Specialists-East,0.9,Same address/phone indicates provider practices at El Paso Kidney Specialists-East,1166,188.0
11989 PELLICANO DR C EL PASO TX 79936,"11989 Pellicano Dr C, El Paso, TX 79936, United States",Raudales Fernando MD,El Paso Kidney Specialists-East,0.9,Same address/phone indicates provider practices at El Paso Kidney Specialists-East,1167,188.0
11989 PELLICANO DR STE D EL PASO TX 79936,"11989 Pellicano Dr ste d, El Paso, TX 79936, United States","I-Vascular Center of El Paso: Dr. Anwar S. Gerges, MD",I-Vascular Center,0.92,Provider listing is branded as 'I-Vascular Center of El Paso' and shares the same phone/website as the clinic.,1168,1165.0
1201 E SCHUSTER AVE BLDG 7 EL PASO TX 79902,"1201 E Schuster Ave BLDG 7, El Paso, TX 79902, United States",Dr. Ogechika Alozie,Southwest Viral Med,0.55,"Provider shares the same phone number as both clinics; name aligns more directly with 'Southwest Viral Med' as a medical practice label, but linkage remains ambiguous.",254,59.0
1205 N OREGON ST EL PASO TX 79902,"1205 N Oregon St, El Paso, TX 79902, United States",Suresh Antony MD,Center Infectious Diseases,0.9,Same address group and same phone number as the clinic record.,68,22.0
1205 N OREGON ST EL PASO TX 79902,"1205 N Oregon St, El Paso, TX 79902, United States",Dr. Nishaal Antony,Center Infectious Diseases,0.9,Same address group and same phone number as the clinic record.,82,22.0
1208 MYRTLE AVE EL PASO TX 79901,"1208 Myrtle Ave, El Paso, TX 79901, United States",Dr. Celina Beltran,Centro San Vicente,0.8,Provider shares the same phone/address group; Centro San Vicente is the primary named organization at this location and likely employs/hosts the provider,1094,14.0
121 REDD RD EL PASO TX 79932,"121 Redd Rd, El Paso, TX 79932, United States","Dr. Alan L. Carpenter, DO",Upper Valley Urgent Care Center,0.95,Provider shares the same phone number and website domain as Upper Valley Urgent Care Center at this address.,977,145.0
1211B E CLIFF DR EL PASO TX 79902,"1211B E Cliff Dr, El Paso, TX 79902, United States","Isabel Trio-Martinez, MD",Conviva Senior Primary Care,0.93,Provider listed with Conviva website and shares the same address group; Conviva clinic record present.,213,73.0
1211B E CLIFF DR EL PASO TX 79902,"1211B E Cliff Dr, El Paso, TX 79902, United States","Therese S Ramirez, APRN",Conviva Senior Primary Care,0.93,Provider listed with Conviva website and shares the same address group; Conviva clinic record present.,214,73.0
1211B E CLIFF DR EL PASO TX 79902,"1211B E Cliff Dr, El Paso, TX 79902, United States","Angie Macias, MD",Conviva Senior Primary Care,0.93,Provider listed with Conviva website and shares the same address group; Conviva clinic record present.,215,73.0
1211B E CLIFF DR EL PASO TX 79902,"1211B E Cliff Dr, El Paso, TX 79902, United States","Luis E Feliu, PAC",Conviva Senior Primary Care,0.93,Provider listed with Conviva website and shares the same address group; Conviva clinic record present.,218,73.0
124 FRANKLIN ST STE A ANTHONY TX 79821,"124 Franklin St Ste A, Anthony, TX 79821, United States",Sucharitha Meka,Anthony Primary Care Clinic,0.55,"At this address there are two clinics; provider specialty not given, and name aligns more plausibly with medical primary care than a dental office",1345,1339.0
125 W HAGUE RD 110 EL PASO TX 79902,"125 W Hague Rd # 110, El Paso, TX 79902, United States","El Paso Men's Clinic: Leo Altenberg, MD",El Paso Men's & Women's Clinic,0.93,Same phone number and website domain; provider listing appears under the clinic name.,371,18.0
125 W HAGUE RD 440 EL PASO TX 79902,"125 W Hague Rd #440, El Paso, TX 79902, United States",Dr. Rodrigo Alfaro MD,Kidney Consultants of El Paso,0.7,"Provider shares the same phone number as Kidney Consultants of El Paso, indicating affiliation.",197,176.0
125 W HAGUE RD 570 EL PASO TX 79902,"125 W Hague Rd #570, El Paso, TX 79902, United States","Dr. Dionicio M. Alvarez, MD",,0.86,No clinic/facility record provided in this address group; shared phone suggests same practice but clinic entity is absent,185,
125 W HAGUE RD 570 EL PASO TX 79902,"125 W Hague Rd #570, El Paso, TX 79902, United States",Diane Demick MD,,0.86,No clinic/facility record provided in this address group; webpage appears practice-related but clinic record not present to link,195,
125 W HAGUE RD 570 EL PASO TX 79902,"125 W Hague Rd #570, El Paso, TX 79902, United States","Dr. Alfredo E. Gonzalez, MD",,0.86,No clinic/facility record provided in this address group; shared phone suggests same practice but clinic entity is absent,203,
125 W HAGUE RD 590 EL PASO TX 79902,"125 W Hague Rd #590, El Paso, TX 79902, United States",Hernandez Jesus A MD,El Paso Gastroenterology Consultants,0.97,Provider shares the same phone number (915-532-1620) and website domain (elpasogastro.com) with El Paso Gastroenterology Consultants,1135,56.0
125 W HAGUE RD EL PASO TX 79902,"125 W Hague Rd, El Paso, TX 79902, United States",Dr. George San Miguel,FYZICAL Therapy Hand & Balance Centers – West Hague,0.25,Only clinic/facility record in this address group; provider’s website indicates Providence Medical Partners and does not clearly match FYZICAL.,74,1128.0
125 W HAGUE RD STE 260 EL PASO TX 79902,"125 W Hague Rd STE 260, El Paso, TX 79902, United States","Jose Torres, MD",El Paso Rio Grande OB/GYN,0.9,Provider profile is on Providence Medical Partners site and matches same phone/address group as El Paso Rio Grande OB/GYN.,808,1103.0
125 W HAGUE RD STE 260 EL PASO TX 79902,"125 W Hague Rd STE 260, El Paso, TX 79902, United States","Rebecca Montes, MD",El Paso Rio Grande OB/GYN,0.9,Provider profile is on Providence Medical Partners site and matches same phone/address group as El Paso Rio Grande OB/GYN.,978,1103.0
125 W HAGUE RD STE 300 EL PASO TX 79902,"125 W Hague Rd Ste. 300, El Paso, TX 79902, United States","Dr. Christine Brandl, MD",Advanced Center for Women's Health at Providence,0.87,Same address group and phone number; clinic is women's health center consistent with OB/GYN providers listed on Providence medical partners site,100,36.0
125 W HAGUE RD STE 300 EL PASO TX 79902,"125 W Hague Rd Ste. 300, El Paso, TX 79902, United States","Christina DeSantos, MD",Advanced Center for Women's Health at Providence,0.87,Same address group and phone number; provider profile under Providence network aligns with women's health clinic name,253,36.0
125 W HAGUE RD STE 300 EL PASO TX 79902,"125 W Hague Rd Ste. 300, El Paso, TX 79902, United States","Adriana Galindez de Estrada, MD",Advanced Center for Women's Health at Providence,0.86,Same address group and phone number; provider listed in Providence doctor finder likely practicing at the women's health center at this location,764,36.0
125 W HAGUE RD STE 500 EL PASO TX 79902,"125 W Hague Rd Suite 500, El Paso, TX 79902, United States","Ruben Ramirez-Vega, MD",,0.72,Both records are individual providers; no explicit clinic/facility record is present in this address group to link to,94,
125 W HAGUE RD STE 500 EL PASO TX 79902,"125 W Hague Rd Suite 500, El Paso, TX 79902, United States","Humberto Balderrama, FNP-C",,0.72,Both records are individual providers; no explicit clinic/facility record is present in this address group to link to,804,
1250 E CLIFF DR 3E EL PASO TX 79902,"1250 E Cliff Dr #3e, El Paso, TX 79902, United States","Pedro Blandon, MD","Sun City Kidney, PA: Rey Rosario, MD",0.55,"Only clear clinic entity in this address group is 'Sun City Kidney, PA'; provider is a kidney specialist and shares the same address",201,182.0
1250 E CLIFF DR STE 5A EL PASO TX 79902,"1250 E Cliff Dr STE 5A, El Paso, TX 79902, United States",Dr. Oluwamayowa Familua,El Paso Internal Medicine,0.78,Only one clinic/practice entity in this address group; provider likely practices there,1301,230.0
1251 N ZARAGOZA RD EL PASO TX 79907,"1251 N Zaragoza Rd, El Paso, TX 79907, United States",Woo-Telles Argelia MD,Zaragoza Medical Center,0.9,"Provider and clinic share the same address group and identical phone number, suggesting affiliation.",504,498.0
1265 ANTHONY DR ANTHONY NM 88021,"1265 Anthony Dr, Anthony, NM 88021, United States","Dr. Hector I. Ocaranza-Flores, MD",St Anthony's Pediatrics,0.9,Same address group and shared phone number suggest the physician practices at St Anthony's Pediatrics.,1372,1359.0
13017 PERICO DR SAN ELIZARIO TX 79849,"13017 Perico Dr, San Elizario, TX 79849, United States",Salvador Molina,Centro San Vicente - San Elizario Clinic,0.74,Same address group and identical phone number as the clinic record,1398,890.0
13017 PERICO DR SAN ELIZARIO TX 79849,"13017 Perico Dr, San Elizario, TX 79849, United States","Dr. Jose Luna Jr, MD",Centro San Vicente - San Elizario Clinic,0.95,Same address group and identical phone number as Centro San Vicente - San Elizario Clinic,1400,890.0
1309 MONTANA AVE EL PASO TX 79902,"1309 Montana Ave, El Paso, TX 79902, United States","Dr. Michelle Mendoza, MD",Vitality MD,0.96,"Provider and clinic share the same phone number and website, indicating the doctor practices at Vitality MD.",750,44.0
13650 EASTLAKE BLVD STE A-104 HORIZON CITY TX 79928,"13650 Eastlake Blvd Suite A-104, Horizon City, TX 79928, United States","Dr. Juan Carlos Israel Hernandez Garcia, MD",MediCo Healthcare,0.92,"Provider and MediCo Healthcare share the same phone number and address, indicating the provider practices at that clinic.",917,908.0
1400 EL PASO ST STE E EL PASO TX 79902,"1400 El Paso St STE E, El Paso, TX 79902, United States",Salazar Crystal M,Andres D. Boadella MD / AB Pediatric Health Clinic,0.74,Only clear clinic entity at this address group is 'AB Pediatric Health Clinic'; provider likely associated with it.,1108,70.0
1455 S VALLEY DR STE A LAS CRUCES NM 88005,"1455 S Valley Dr STE A, Las Cruces, NM 88005, United States","Heidi Alterson, FNP-C",MountainView Urgent Care at Valley,0.88,Provider record shares the same address group as the urgent care clinic; only one clinic listed,1284,1194.0
1455 S VALLEY DR STE A LAS CRUCES NM 88005,"1455 S Valley Dr STE A, Las Cruces, NM 88005, United States","Adan Menchaca, CNP",MountainView Urgent Care at Valley,0.88,Provider record shares the same address group as the urgent care clinic; only one clinic listed,1285,1194.0
1516 LOMALAND DR EL PASO TX 79935,"1516 Lomaland Dr, El Paso, TX 79935, United States",Dr Benito Marranzini,Frontier Medical Center,0.9,"Shares the same phone number as Frontier Medical Center, indicating affiliation at this address.",998,934.0
1516 LOMALAND DR EL PASO TX 79935,"1516 Lomaland Dr, El Paso, TX 79935, United States","Dr. Sergio F. Rovner, MD",Frontier Medical Center,0.9,"Shares the same phone number as Frontier Medical Center, indicating affiliation at this address.",1015,934.0
1521 JOE BATTLE BLVD EL PASO TX 79936,"1521 Joe Battle Blvd, El Paso, TX 79936, United States","Ismael Rodriguez, MD",UMC - East Clinic,0.9,Provider shares phone and UMC-East location webpage with UMC - East Clinic,964,935.0
1521 JOE BATTLE BLVD EL PASO TX 79936,"1521 Joe Battle Blvd, El Paso, TX 79936, United States","Regina I Molokwu, MD, MPH",UMC - East Clinic,0.9,Provider shares phone and UMC-East location webpage with UMC - East Clinic,1051,935.0
1521 JOE BATTLE BLVD EL PASO TX 79936,"1521 Joe Battle Blvd, El Paso, TX 79936, United States","Jean Choo, MD",UMC - East Clinic,0.9,Provider shares phone and UMC-East location webpage with UMC - East Clinic,1079,935.0
1550 N ZARAGOZA RD STE A-107 EL PASO TX 79936,"1550 N Zaragoza Rd Suite A-107, El Paso, TX 79936, United States",MINERVA MEDRANO,"Primary Care Medical Partners, PA",0.94,"Same address group plus identical phone and website suggests provider affiliated with Primary Care Medical Partners, PA.",1050,915.0
1556 LOMALAND DR 101 EL PASO TX 79935,"1556 Lomaland Dr #101, El Paso, TX 79935, United States",Dionicio Alvarez MD,,0.72,No clinic/facility record provided in this address group to link to.,514,
1556 LOMALAND DR 101 EL PASO TX 79935,"1556 Lomaland Dr #101, El Paso, TX 79935, United States","Dr. Onyema E. Amakiri, DO",,0.72,No clinic/facility record provided in this address group to link to.,999,
1566 LOMALAND DR EL PASO TX 79935,"1566 Lomaland Dr, El Paso, TX 79935, United States",Paramveer Saluja MD,Kidney Consultants of El Paso,0.9,Provider shares the same phone number as the clinic and is likely practicing within that group at this address,1074,179.0
1600 MEDICAL CENTER ST 309 EL PASO TX 79902,"1600 Medical Center St #309, El Paso, TX 79902, United States","Parisa Ibrahim, MD",Providence Medical Partners - Sierra,0.9,Same phone number and Providence Medical Partners branding indicates provider practices at this clinic.,67,105.0
1600 N OREGON ST 1A EL PASO TX 79902,"1600 N Oregon St # 1A, El Paso, TX 79902, United States","Alfredo Chavez, MD, FACP",Gastroenterology Specialists of El Paso,0.95,Same address/phone and provider profile is under Providence Medical Partners associated with the Gastroenterology Specialists location,101,226.0
1600 N OREGON ST 1A EL PASO TX 79902,"1600 N Oregon St # 1A, El Paso, TX 79902, United States","Iliana Guevara, FNP",Gastroenterology Specialists of El Paso,0.95,Same address/phone and provider profile is under Providence Medical Partners associated with the Gastroenterology Specialists location,1439,226.0
1601 BROWN ST EL PASO TX 79902,"1601 Brown St, El Paso, TX 79902, United States","Dr. German T. Hernandez, MD",El Paso Kidney Specialists-West,0.93,Same address group and shared phone number (915) 544-4500,189,177.0
1601 BROWN ST EL PASO TX 79902,"1601 Brown St, El Paso, TX 79902, United States","Ileana Martinez, MD",El Paso Kidney Specialists-West,0.93,Same address group and shared phone number (915) 544-4500,192,177.0
1601 BROWN ST EL PASO TX 79902,"1601 Brown St, El Paso, TX 79902, United States","Simon S. Rodriguez, MD",El Paso Kidney Specialists-West,0.93,Same address group and shared phone number (915) 544-4500,202,177.0
1601 BROWN ST EL PASO TX 79902,"1601 Brown St, El Paso, TX 79902, United States",Raudales Fernando MD,El Paso Kidney Specialists-West,0.9,Same address group and shared phone number (915) 544-4500,286,177.0
1601 BROWN ST EL PASO TX 79902,"1601 Brown St, El Paso, TX 79902, United States","Fernando Moran, MD",El Paso Kidney Specialists-West,0.97,Same phone number and provider website matches clinic domain elpasokidneyspecialists.com,287,177.0
1601 BROWN ST EL PASO TX 79902,"1601 Brown St, El Paso, TX 79902, United States","Dr. Jorge Humberto Serna, MD",El Paso Kidney Specialists-West,0.93,Same address group and shared phone number (915) 544-4500,292,177.0
1605 EL PASEO RD LAS CRUCES NM 88001,"1605 El Paseo Rd, Las Cruces, NM 88001, United States","Dr. Srirengam Muralidhasan, MD",Las Cruces Urgent Care,0.93,Same address group and shared phone number (575) 523-5400 indicates affiliation with Las Cruces Urgent Care,1205,1181.0
1625 MEDICAL CENTER ST EL PASO TX 79902,"1625 Medical Center St, El Paso, TX 79902, United States","Dr. Helen M. Sung, MD",Emcare,0.78,"Shares the same phone number (915) 747-2660 with Emcare, indicating affiliation",278,271.0
1625 MEDICAL CENTER ST EL PASO TX 79902,"1625 Medical Center St, El Paso, TX 79902, United States","Dr. Jeffrey H. Annabi, MD",ER - The Hospitals of Providence - Sierra Campus,0.35,No direct match to Emcare phone; only clear facility at this address group is the ER/Hospital campus,1185,133.0
1626 MEDICAL CENTER ST EL PASO TX 79902,"1626 Medical Center St, El Paso, TX 79902, United States","Dr. Salvador Molina Jr, DO",Gateway East Medical Group Ltd,0.77,Only clinic/practice entity at this address; provider likely affiliated with the medical group,529,946.0
1680 CALLE DE ALVAREZ B LAS CRUCES NM 88005,"1680 Calle De Alvarez # B, Las Cruces, NM 88005, United States","Melanie Gantner, PA-C",Health Care Solutions,0.97,Same phone number and same HCS website domain.,1208,1186.0
1680 CALLE DE ALVAREZ B LAS CRUCES NM 88005,"1680 Calle De Alvarez # B, Las Cruces, NM 88005, United States",Schaefer Stefan MD,Health Care Solutions,0.97,Same phone number and same HCS website domain.,1209,1186.0
1680 CALLE DE ALVAREZ B LAS CRUCES NM 88005,"1680 Calle De Alvarez # B, Las Cruces, NM 88005, United States",Dr. Barbara Cadena,Health Care Solutions,0.85,Same phone number as Health Care Solutions; no separate clinic indicated.,1229,1186.0
1680 CALLE DE ALVAREZ B LAS CRUCES NM 88005,"1680 Calle De Alvarez # B, Las Cruces, NM 88005, United States",Jay Wedel,Health Care Solutions,0.96,Provider listed on hcs-nm.com/our-providers/ which belongs to Health Care Solutions.,1248,1186.0
1680 CALLE DE ALVAREZ B LAS CRUCES NM 88005,"1680 Calle De Alvarez # B, Las Cruces, NM 88005, United States",Abhinav Singh,Health Care Solutions,0.96,Provider listed on hcs-nm.com/our-providers/ which belongs to Health Care Solutions.,1249,1186.0
1700 CURIE DR 1500 EL PASO TX 79902,"1700 Curie Dr # 1500, El Paso, TX 79902, United States","Rodolfo Revilla, MD",Advanced Center for Women's Health at Providence,0.9,Same address group and phone number; provider profile is within Providence Medical Partners and aligns with the clinic location page.,951,221.0
1700 E CLIFF DR BLDG A STE 200 EL PASO TX 79902,"1700 E Cliff Dr Bldg. A, Suite 200, El Paso, TX 79902, United States","Edward Assi, DO, FACC, FSCAI",Center of the Heart - A Providence Medical Partners Practice,0.93,Provider listing on Providence Medical Partners; shared phone number and address group matches the 'Center of the Heart' practice.,78,134.0
1700 E CLIFF DR BLDG A STE 200 EL PASO TX 79902,"1700 E Cliff Dr Bldg. A, Suite 200, El Paso, TX 79902, United States","Abraham Gonzalez, MD, FACC",Center of the Heart - A Providence Medical Partners Practice,0.93,Provider listing on Providence Medical Partners; shared phone number and address group matches the 'Center of the Heart' practice.,1182,134.0
1700 N OREGON ST 570 EL PASO TX 79902,"1700 N Oregon St # 570, El Paso, TX 79902, United States","Madison Yachcik, DO",Las Palmas Del Sol Obstetrics/Gynecology - West,0.93,Provider profile is hosted on womenscareofelpaso.com and shares the same phone number as the clinic listing,376,1109.0
1700 N OREGON ST EL PASO TX 79902,"1700 N Oregon St, El Paso, TX 79902, United States",Eleje Augustine MD,Las Palmas Dialysis Center,0.62,Only clinic/facility listed at this address is Las Palmas Dialysis Center,62,157.0
1700 N OREGON ST EL PASO TX 79902,"1700 N Oregon St, El Paso, TX 79902, United States","Dr. Kumuda R. Pradhan, MD",Las Palmas Dialysis Center,0.62,Only clinic/facility listed at this address is Las Palmas Dialysis Center,251,157.0
1700 N OREGON ST EL PASO TX 79902,"1700 N Oregon St, El Paso, TX 79902, United States","Dr. Leticia S. Hernandez, MD",Las Palmas Dialysis Center,0.62,Only clinic/facility listed at this address is Las Palmas Dialysis Center,1179,157.0
1700 N OREGON ST STE 710 EL PASO TX 79902,"1700 N Oregon St Suite 710, El Paso, TX 79902, United States",Dr. Carol Abalihi,Neurosurgical Specialists Of El Paso - West,0.7,Only clinic/facility record at this address; provider likely practices within the neurosurgical group located there.,1136,1337.0
1700 N OREGON ST STE 755 EL PASO TX 79902,"1700 N Oregon St Suite 755, El Paso, TX 79902, United States","Dorovenia Hawkins-Koch, MD, DO",El Paso Perinatology,0.6,Same address group and same phone number; only one explicit clinic entity in the group.,751,49.0
1700 N OREGON ST STE 755 EL PASO TX 79902,"1700 N Oregon St Suite 755, El Paso, TX 79902, United States","Angel Rios, MD",El Paso Perinatology,0.6,Same address group and same phone number; only one explicit clinic entity in the group.,806,49.0
1724 WESTON BRENT LN EL PASO TX 79935,"1724 Weston Brent Ln, El Paso, TX 79935, United States","Dr. Virabandith V. Songbandith, MD",Well Med-Senior Clinic,0.92,"Same address group and same phone number as the clinic, suggesting provider practices at that clinic.",1010,994.0
1724 WESTON BRENT LN EL PASO TX 79935,"1724 Weston Brent Ln, El Paso, TX 79935, United States","Dr. Christine K. Hernandez, MD",Well Med-Senior Clinic,0.92,"Same address group and same phone number as the clinic, suggesting provider practices at that clinic.",1019,994.0
1745 AVENIDA DE MERCADO LAS CRUCES NM 88005,"1745 Avenida de Mercado, Las Cruces, NM 88005, United States","Dr. Saul D. Burciaga, MD",Las Cruces Primary Care LLC,0.92,"Same phone number and website as Las Cruces Primary Care LLC, indicating provider practices at that clinic.",1206,1197.0
1800 N MESA ST STE 200 EL PASO TX 79902,"1800 N Mesa St Suite 200, El Paso, TX 79902, United States","Brion A. Gluck, MD, FACOG",Providence Women's Health Partners - Mesa,0.92,Same phone number and provider website aligns with Providence Women's Health Partners - Mesa.,810,43.0
1800 N MESA ST STE 200 EL PASO TX 79902,"1800 N Mesa St Suite 200, El Paso, TX 79902, United States","Jennifer Orr, MD",Providence Women's Health Partners - Mesa,0.86,Same phone number/address group; provider listed under Providence Medical Partners and likely practices at this location.,1183,43.0
1801 N OREGON ST EL PASO TX 79902,"1801 N Oregon St, El Paso, TX 79902, United States",Dr. Michael Payne,Las Palmas Medical Center,0.75,"Only clinic at this address group is Las Palmas Medical Center, so provider most likely affiliated",281,106.0
1801 N OREGON ST EL PASO TX 79902,"1801 N Oregon St, El Paso, TX 79902, United States",Dr. Armando Molina,Las Palmas Medical Center,0.94,"Provider shares the same phone number as Las Palmas Medical Center, indicating affiliation",282,106.0
1810 MURCHISON DR 300 EL PASO TX 79902,"1810 Murchison Dr # 300, El Paso, TX 79902, United States","Cesar Israel Sandate, DO",WellMed at Murchison,0.95,Same address group and shared phone number; WellMed provider profile likely affiliated with the WellMed at Murchison location.,240,20.0
1810 MURCHISON DR 300 EL PASO TX 79902,"1810 Murchison Dr # 300, El Paso, TX 79902, United States","Gustavo Iturralde Arriaga, NP",WellMed at Murchison,0.95,Same address group and shared phone number; WellMed provider profile likely affiliated with the WellMed at Murchison location.,963,20.0
1900 DENVER AVE EL PASO TX 79902,"1900 Denver Ave, El Paso, TX 79902, United States","Dr. Arthur L. Ramirez, MD",El Paso Behavioral Health System,0.96,Provider shares the same phone number and website domain as El Paso Behavioral Health System,1097,132.0
200 LISBON ST EL PASO TX 79905,"200 Lisbon St, El Paso, TX 79905, United States","Dr. Juan F. Loya, MD",Centro De Salud Familiar La Fe,0.72,Only clinic/facility entity at this address; provider likely associated with the health center at the same location.,422,367.0
2000 B WOODROW BEAN TRANSMOUNTAIN DR STE 200 EL PASO TX 79911,"2000 B Woodrow Bean Transmountain Dr Suite 200, El Paso, TX 79911, United States","Linda S. Lacy, MD",Advanced Center for Women's Health at Providence,0.86,Provider shares the same phone number as Advanced Center for Women's Health at Providence,600,576.0
2000 B WOODROW BEAN TRANSMOUNTAIN DR STE 200 EL PASO TX 79911,"2000 B Woodrow Bean Transmountain Dr Suite 200, El Paso, TX 79911, United States","Javier Arenas, MD",Advanced Center for Women's Health at Providence,0.7,Provider is listed on Providence Medical Partners site and the only Providence-branded clinic in this address group is the Advanced Center for Women's Health at Providence,602,576.0
2001 N OREGON ST EL PASO TX 79902,"2001 N Oregon St, El Paso, TX 79902, United States",Providence Memorial Hospital: Compton Michael D MD,The Hospitals of Providence Memorial Campus,0.87,Provider listing explicitly references Providence Memorial Hospital/Memorial Campus page,263,112.0
2001 N OREGON ST EL PASO TX 79902,"2001 N Oregon St, El Paso, TX 79902, United States",Dr. Samir Joshi,The Hospitals of Providence Memorial Campus,0.7,Same address/phone as Memorial Campus; best match is main hospital campus,283,112.0
2001 N OREGON ST EL PASO TX 79902,"2001 N Oregon St, El Paso, TX 79902, United States",Ortega Rae L MD,The Hospitals of Providence Memorial Campus,0.7,Same address/phone as Memorial Campus; best match is main hospital campus,1088,112.0
2001 N OREGON ST EL PASO TX 79902,"2001 N Oregon St, El Paso, TX 79902, United States",Burns Tania D MD,The Hospitals of Providence Memorial Campus,0.7,Same address/phone as Memorial Campus; best match is main hospital campus,1093,112.0
2001 N OREGON ST EL PASO TX 79902,"2001 N Oregon St, El Paso, TX 79902, United States",Gassen Joseph A MD,The Hospitals of Providence Memorial Campus,0.7,Same address/phone as Memorial Campus; best match is main hospital campus,1095,112.0
2001 N OREGON ST EL PASO TX 79902,"2001 N Oregon St, El Paso, TX 79902, United States",Louis Torres PA-C,The Hospitals of Providence Memorial Campus,0.7,Same address; likely affiliated with Memorial Campus hospital facility,1125,112.0
2001 N OREGON ST EL PASO TX 79902,"2001 N Oregon St, El Paso, TX 79902, United States","Dr. Elaine M. Barron, MD",The Hospitals of Providence Memorial Campus,0.7,Same address/phone as Memorial Campus; best match is main hospital campus,1134,112.0
2030 N MESA ST EL PASO TX 79902,"2030 N Mesa St, El Paso, TX 79902, United States","Dr. Sergio Ibarra, MD",Southwest Urgent Care Center,0.62,Only clinic/facility listed at this address group; provider likely associated though phone differs,75,6.0
2121 WYOMING AVE EL PASO TX 79903,"2121 Wyoming Ave, El Paso, TX 79903, United States",Juan G. Becerra MD,Medical Services of the Border,0.92,Same phone number and website domain (epmedicalborder.com) as the clinic record,323,92.0
2121 WYOMING AVE EL PASO TX 79903,"2121 Wyoming Ave, El Paso, TX 79903, United States","Luis Carlos Ortiz, MD",Medical Services of the Border,0.86,Same phone number as the clinic record at this address,336,92.0
221 N KANSAS ST 1501 EL PASO TX 79901,"221 N Kansas St #1501, El Paso, TX 79901, United States",Dr. Clyde C. Clybourn,,0.7,No clinic/facility record provided in this address group to link the provider to.,71,
221 N KANSAS ST 1501 EL PASO TX 79901,"221 N Kansas St #1501, El Paso, TX 79901, United States",Dr. Jaime Square,,0.7,No clinic/facility record provided in this address group to link the provider to.,81,
2260 TRAWOOD DR STE C EL PASO TX 79935,"2260 Trawood Dr SUITE C, El Paso, TX 79935, United States","Jose Medrano, NP",WellMed at Trawood,0.93,Same address group and shared phone number; all pages are under WellMed domain and location record exists.,1021,866.0
2260 TRAWOOD DR STE C EL PASO TX 79935,"2260 Trawood Dr SUITE C, El Paso, TX 79935, United States","Michael Robert Esquivel, PA",WellMed at Trawood,0.93,Same address group and shared phone number; all pages are under WellMed domain and location record exists.,1024,866.0
2260 TRAWOOD DR STE C EL PASO TX 79935,"2260 Trawood Dr SUITE C, El Paso, TX 79935, United States","Jie Wu, MD",WellMed at Trawood,0.93,Same address group and shared phone number; all pages are under WellMed domain and location record exists.,1029,866.0
2311 N MESA ST STE J EL PASO TX 79902,"2311 N Mesa St Ste J, El Paso, TX 79902, United States",Roberto Gonzalez MD,Borderland Primary Care PA,0.9,"Provider and clinic share the same address group and phone number, suggesting affiliation",386,66.0
2325 PERSHING DR EL PASO TX 79903,"2325 Pershing Dr, El Paso, TX 79903, United States",Valle-Moore Raquel,"Paso Del Norte Pediatrics, P.A.",0.9,Same address group and shared phone/website domain indicates provider associated with Paso Del Norte Pediatrics,316,307.0
2325 PERSHING DR EL PASO TX 79903,"2325 Pershing Dr, El Paso, TX 79903, United States",Gutierrez Carlos A MD,"Paso Del Norte Pediatrics, P.A.",0.92,Same phone and clinic website suggests Dr. Gutierrez practices at Paso Del Norte Pediatrics,333,307.0
2325 PERSHING DR EL PASO TX 79903,"2325 Pershing Dr, El Paso, TX 79903, United States","Dr. Pedro A. Barney, MD","Paso Del Norte Pediatrics, P.A.",0.92,Same phone and clinic website indicates Dr. Pedro A. Barney is affiliated with Paso Del Norte Pediatrics,339,307.0
2332 MONTANA AVE EL PASO TX 79903,"2332 Montana Ave, El Paso, TX 79903, United States","Betsy E. Nacim, PhD",Adult & Adolescent Counseling,0.93,Same phone number and website domain indicate provider affiliated with Adult & Adolescent Counseling,337,320.0
2400 N OREGON ST STE C EL PASO TX 79902,"2400 N Oregon St STE C, El Paso, TX 79902, United States",Da Vita Mesa Vista Dialysis: Gonzalez Alfredo MD,Innovative Renal Care El Paso Dialysis Center,0.62,Same address group and only one clear clinic/facility record present to associate the provider with.,181,150.0
2600 IDALIA AVE EL PASO TX 79930,"2600 Idalia Ave, El Paso, TX 79930, United States",Dr. Manuel Borrego MD,United Medical Clinic,0.94,Provider shares the same phone number as United Medical Clinic at this address.,948,126.0
2600 N OREGON ST EL PASO TX 79902,"2600 N Oregon St, El Paso, TX 79902, United States",Sanjay Chabra,Texas Arthritis Center,0.9,Same address group and identical phone number (915-317-1660) suggests the provider practices at Texas Arthritis Center.,1133,231.0
2611 N MAIN ST LAS CRUCES NM 88001,"2611 N Main St, Las Cruces, NM 88001, United States",Mai Oushy MD,Memorial Family HealthCare - North Main,0.93,"Provider and clinic share the same phone number and website/domain, indicating the provider practices at this clinic location",1226,1257.0
2701 MISSOURI AVE STE A LAS CRUCES NM 88011,"2701 Missouri Ave STE A, Las Cruces, NM 88011, United States",Imelda C. Toledo-Neely MD,,0.62,Only providers listed at this address group; no explicit clinic record provided (website suggests Memorial Physician Practices but not a specific clinic entry in records),1228,
2701 MISSOURI AVE STE A LAS CRUCES NM 88011,"2701 Missouri Ave STE A, Las Cruces, NM 88011, United States",Rani Chandana MD,,0.62,Only providers listed at this address group; no explicit clinic record provided (website suggests Memorial Physician Practices but not a specific clinic entry in records),1240,
2900 N KANSAS ST EL PASO TX 79902,"2900 N Kansas St, El Paso, TX 79902, United States",Asiain Lourdes MD,,0.7,No clinic/facility record present in this address group; only individual MD entries share the same phone/address,235,
2900 N KANSAS ST EL PASO TX 79902,"2900 N Kansas St, El Paso, TX 79902, United States",Rich Nicolas MD,,0.7,No clinic/facility record present in this address group; only individual MD entries share the same phone/address,241,
2900 N KANSAS ST EL PASO TX 79902,"2900 N Kansas St, El Paso, TX 79902, United States",Munoz Luis R MD,,0.7,No clinic/facility record present in this address group; only individual MD entries share the same phone/address,244,
2900 N KANSAS ST EL PASO TX 79902,"2900 N Kansas St, El Paso, TX 79902, United States",Vanessa Ruiz MD,,0.7,No clinic/facility record present in this address group; only individual MD entries share the same phone/address,245,
2950 GEORGE DIETER DR EL PASO TX 79936,"2950 George Dieter Dr, El Paso, TX 79936, United States","Sandra Villavicencio, MD",Village Medical at Walgreens - Sandy Creek,0.93,Same address group and same phone number; both are Village Medical pages (location and provider profile),1078,518.0
300 S ZARAGOZA RD EL PASO TX 79907,"300 S Zaragoza Rd, El Paso, TX 79907, United States","Esteban Gonzalez, MD",UMC - Ysleta Clinic,0.8,Provider record uses UMC 'find-a-facility' context and shares phone/address with UMC - Ysleta Clinic.,493,466.0
300 S ZARAGOZA RD EL PASO TX 79907,"300 S Zaragoza Rd, El Paso, TX 79907, United States","Gladina M. See, MD",University Medical Center of El Paso - Ysleta Outpatient Clinics,0.72,Provider associated with UMC outpatient clinics at same phone/address; best match is Ysleta Outpatient Clinics.,500,441.0
3017 TRAWOOD DR EL PASO TX 79936,"3017 Trawood Dr, El Paso, TX 79936, United States","Dr. Guillermo Parra, MD",Family & Occupational Health,0.93,Same address group and identical phone number suggests the provider practices at Family & Occupational Health.,1046,995.0
3022 TRAWOOD DR EL PASO TX 79936,"3022 Trawood Dr, El Paso, TX 79936, United States",Agarwal Ajai MD,Montwood Family Medical Center,0.9,Provider shares the same phone number (915-855-8550) as Montwood Family Medical Center.,1060,992.0
3022 TRAWOOD DR EL PASO TX 79936,"3022 Trawood Dr, El Paso, TX 79936, United States","Dr. Syed A. Yusoof, MD",,0.35,No matching phone/website tie to either clinic at this address; phone differs from both listed clinics.,1061,
3030 W PICACHO AVE STE D LAS CRUCES NM 88007,"3030 W Picacho Ave Suite D, Las Cruces, NM 88007, United States","Edna Juarez, MD",Memorial Internal Medicine,0.86,Same phone number as clinic and appears to be a provider associated with Memorial practice at this address.,1236,1251.0
3030 W PICACHO AVE STE D LAS CRUCES NM 88007,"3030 W Picacho Ave Suite D, Las Cruces, NM 88007, United States","Martha Montanez, MD",Memorial Internal Medicine,0.65,No website to confirm; linked based on shared address group and likely association with the only clinic listed.,1245,1251.0
3030 W PICACHO AVE STE D LAS CRUCES NM 88007,"3030 W Picacho Ave Suite D, Las Cruces, NM 88007, United States",Louis Benevento,Memorial Internal Medicine,0.86,Same phone number as clinic; provider profile suggests affiliation with Memorial practice network.,1246,1251.0
3030 W PICACHO AVE STE D LAS CRUCES NM 88007,"3030 W Picacho Ave Suite D, Las Cruces, NM 88007, United States","Russell Coryell, FNP",Memorial Internal Medicine,0.9,Provider profile on memorialphysicianpractices.com matches the clinic network and shares the same phone.,1247,1251.0
3030 W PICACHO AVE STE D LAS CRUCES NM 88007,"3030 W Picacho Ave Suite D, Las Cruces, NM 88007, United States","Debbie Pacheco, FNP-C",Memorial Internal Medicine,0.9,Provider profile on memorialphysicianpractices.com matches the clinic network and shares the same phone.,1250,1251.0
3100 N STANTON ST STE A EL PASO TX 79902,"3100 N Stanton St Ste. A, El Paso, TX 79902, United States","Jorge Villarreal, MD",El Paso Obstetrics and Gynecology - North Stanton Street,0.93,Provider profile is on the same practice website and shares the same phone number as the clinic listing.,239,238.0
3101 FORNEY LN EL PASO TX 79935,"3101 Forney Ln, El Paso, TX 79935, United States","Dr. Manuel Borrego, MD",United Medical Clinic,0.9,Provider and clinic share the same address group and the same phone number (915) 317-6033.,556,451.0
3215 GATEWAY BLVD W EL PASO TX 79903,"3215 Gateway Blvd W, El Paso, TX 79903, United States",Luis Rochin,El Paso Pain Center,0.38,"Only clinic record in this address group, but provider website indicates El Paso Primary Care (different organization), so linkage is weak.",48,30.0
3329 MONTANA AVE EL PASO TX 79903,"3329 Montana Ave, El Paso, TX 79903, United States","Dr. Rafael Armendariz Sr, MD","Salud y Vida, P.A.",0.95,"Provider record website is saludyvidapa.com, matching Salud y Vida, P.A.",328,295.0
3379 WEDGEWOOD DR STE C EL PASO TX 79925,"3379 Wedgewood Dr STE C, El Paso, TX 79925, United States",Villalobos Victor M MD,Mt. West Family Health Center,0.93,Provider shares the same phone number as Mt. West Family Health Center at this address.,562,268.0
3485 E NORTHRISE DR UNIT 1 LAS CRUCES NM 88011,"3485 E Northrise Dr UNIT 1, Las Cruces, NM 88011, United States","Enid Salcido, FNP-C",MountainView Urgent Care at Northrise,0.94,Same address group and shared phone number; provider likely practices at MountainView Urgent Care at Northrise,1282,1276.0
3485 E NORTHRISE DR UNIT 1 LAS CRUCES NM 88011,"3485 E Northrise Dr UNIT 1, Las Cruces, NM 88011, United States","Brian Lara, MSN-FNP",MountainView Urgent Care at Northrise,0.94,Same address group and shared phone number; provider likely practices at MountainView Urgent Care at Northrise,1283,1276.0
3607 RIVERA AVE EL PASO TX 79905,"3607 Rivera Ave, El Paso, TX 79905, United States","Dr. Luis R. Garza, MD",Project Vida - Programs and Administration Building,0.82,Provider record uses the same website domain (pvida.net) as Project Vida,341,1172.0
3607 RIVERA AVE EL PASO TX 79905,"3607 Rivera Ave, El Paso, TX 79905, United States","Dr. Luis L. Rodriguez, MD",Project Vida - Programs and Administration Building,0.55,Only clinic/organization at this address group is Project Vida; no other clinic listed for matching,425,1172.0
3865 FOOTHILLS RD LAS CRUCES NM 88011,"3865 Foothills Rd, Las Cruces, NM 88011, United States","Dermatology of Las Cruces - Andrew Ondo, M.D.",Dermatology of Las Cruces,0.9,Provider listing is branded under 'Dermatology of Las Cruces' and shares the same phone number as the clinic,1309,1326.0
3913 BROADDUS AVE EL PASO TX 79904,"3913 Broaddus Ave, El Paso, TX 79904, United States",Mustafa Moazam MD,Healthy Horizons Clinic,0.95,Same phone number and same website domain as Healthy Horizons Clinic.,370,359.0
3913 BROADDUS AVE EL PASO TX 79904,"3913 Broaddus Ave, El Paso, TX 79904, United States",Dr. Bazil- Mieses,Healthy Horizons Clinic,0.83,Same phone number as Healthy Horizons Clinic; likely provider practicing at that clinic.,961,359.0
400 SHADOW MOUNTAIN DR EL PASO TX 79912,"400 Shadow Mountain Dr, El Paso, TX 79912, United States",Dr. Rafael Armendariz,Salud Y Vida P.a.,0.93,Same phone number and website domain indicates provider practices at Salud Y Vida P.A.,638,620.0
4351 E LOHMAN AVE 320 LAS CRUCES NM 88011,"4351 E Lohman Ave #320, Las Cruces, NM 88011, United States","Rony Salloum, M.D.",MountainView Medical Group Wellness and Weight Loss Center,0.7,Both use the MountainView Medical Group domain and share the same address; only one clinic record is present in this address group.,1324,1313.0
4371 E LOHMAN AVE LAS CRUCES NM 88011,"4371 E Lohman Ave, Las Cruces, NM 88011, United States","Roset Samuel, MD",MountainView Medical Group- Family Care at Lohman,0.93,Same phone number and MountainView Medical Group domain indicates provider belongs to this clinic location,1242,1254.0
4501 N MESA ST EL PASO TX 79912,"4501 N Mesa St, El Paso, TX 79912, United States",Doctor Rich,,0.4,No explicit clinic/facility record present in this address group; record appears to be the provider/brand,635,
4501 N MESA ST EL PASO TX 79912,"4501 N Mesa St, El Paso, TX 79912, United States","Richard W. Farnam, MD",,0.4,No explicit clinic/facility record present in this address group; record is clearly an individual provider,646,
4532 N MESA ST STE 2A EL PASO TX 79912,"4532 N Mesa St Ste 2A, El Paso, TX 79912, United States","Edward Sebastian Leyva, MD",WellMed at North Mesa,0.93,Provider and clinic share the same phone number and are both WellMed pages for the same address.,629,530.0
4545 N MESA ST EL PASO TX 79912,"4545 N Mesa St, El Paso, TX 79912, United States",Luis Rochin,El Paso Primary Care,0.97,Provider profile hosted on elpasoprimarycare.com and shares the same phone number as the clinic record.,531,17.0
4646 N MESA ST EL PASO TX 79912,"4646 N Mesa St, El Paso, TX 79912, United States","Al Hernandez Jr., MD",Orthopaedic Surgeons Associates,0.92,Provider profile is on orthosurgeonassociates.com and shares the same phone number as Orthopaedic Surgeons Associates.,634,622.0
4646 N MESA ST EL PASO TX 79912,"4646 N Mesa St, El Paso, TX 79912, United States","Ikechukwu Ifeanyi Onyedika, MD",Orthopaedic Surgeons Associates,0.7,Same address group and phone number; provider listed on Providence Medical Partners but likely practicing with Orthopaedic Surgeons Associates at this location.,641,622.0
4646 N MESA ST EL PASO TX 79912,"4646 N Mesa St, El Paso, TX 79912, United States","Richard Westbrook, MD",Orthopaedic Surgeons Associates,0.7,Same address group and phone number; provider listed on Providence Medical Partners but likely associated with the orthopaedic group at this location.,649,622.0
4659 COHEN AVE A EL PASO TX 79924,"4659 Cohen Ave a, El Paso, TX 79924, United States","Edwin Feliu, NP",Pediatric Group North East,0.32,"Same address group, but phone/website domains suggest different organizations; linked to the only clinic record at this address.",841,821.0
4672 SONOMA RANCH BLVD B LAS CRUCES NM 88011,"4672 Sonoma Ranch Blvd b, Las Cruces, NM 88011, United States",Delilah Stampp M.D.,,0.58,No specific clinic record listed; only a physician network website (memorialphysicianpractices.com) and shared phone number are provided.,1230,
4672 SONOMA RANCH BLVD B LAS CRUCES NM 88011,"4672 Sonoma Ranch Blvd b, Las Cruces, NM 88011, United States",German Alejandro Fierro-Perez M.D.,,0.58,No specific clinic record listed; only a physician network website (memorialphysicianpractices.com) and shared phone number are provided.,1327,
4800 ALBERTA AVE EL PASO TX 79905,"4800 Alberta Ave, El Paso, TX 79905, United States","Dr. Pedro Serrato, MD",Texas Tech Physicians-El Paso: Loflin James R MD,0.7,Same address group; phone prefix matches Texas Tech Physicians group,429,345.0
4800 ALBERTA AVE EL PASO TX 79905,"4800 Alberta Ave, El Paso, TX 79905, United States","Dr. Victor J. Olivas Jr, MD",Texas Tech Physicians-El Paso: Loflin James R MD,0.7,Same address group; phone prefix aligns with Texas Tech Physicians listings,762,345.0
4800 ALBERTA AVE EL PASO TX 79905,"4800 Alberta Ave, El Paso, TX 79905, United States","Dr. Bahij S. Nuwayhid, MD",Texas Tech Physicians-El Paso: Loflin James R MD,0.92,"Provider record uses texastechphysicians.com, matching Texas Tech Physicians clinic",1098,345.0
4800 ALBERTA AVE EL PASO TX 79905,"4800 Alberta Ave, El Paso, TX 79905, United States",Mukherjee Debabrata MD,Texas Tech Physicians-El Paso: Loflin James R MD,0.55,Same address group; no clearer clinic affiliation than Texas Tech Physicians,1147,345.0
4800 ALBERTA AVE EL PASO TX 79905,"4800 Alberta Ave, El Paso, TX 79905, United States","Dr. Sergio B. Chavez, MD",Texas Tech Physicians-El Paso: Loflin James R MD,0.7,Same address group; phone prefix aligns with Texas Tech Physicians listings,1152,345.0
4800 ALBERTA AVE EL PASO TX 79905,"4800 Alberta Ave, El Paso, TX 79905, United States","Dr. David A. Paez Fernandez, MD",Texas Tech Physicians-El Paso: Loflin James R MD,0.7,Same address group; phone prefix aligns with Texas Tech Physicians listings,1154,345.0
4800 ALBERTA AVE EL PASO TX 79905,"4800 Alberta Ave, El Paso, TX 79905, United States","Dr. Sitratullah O. Maiyegun, MD",Texas Tech Physicians-El Paso: Loflin James R MD,0.92,"Provider record uses texastechphysicians.com, matching Texas Tech Physicians clinic",1156,345.0
4800 ALBERTA AVE EL PASO TX 79905,"4800 Alberta Ave, El Paso, TX 79905, United States","Dr. Gilbert A. Handal, MD",Texas Tech Physicians-El Paso: Loflin James R MD,0.92,"Provider record uses texastechphysicians.com, matching Texas Tech Physicians clinic",1158,345.0
4800 ALBERTA AVE EL PASO TX 79905,"4800 Alberta Ave, El Paso, TX 79905, United States","Dr. Azikiwe C. Nwosu, MD",Texas Tech Physicians-El Paso: Loflin James R MD,0.92,"Provider record uses texastechphysicians.com, matching Texas Tech Physicians clinic",1160,345.0
4800 ALBERTA AVE EL PASO TX 79905,"4800 Alberta Ave, El Paso, TX 79905, United States","Dr. S Claudia Didia, MD",Texas Tech Physicians-El Paso: Loflin James R MD,0.7,Same address group; phone prefix aligns with Texas Tech Physicians listings,1171,345.0
4800 ALBERTA AVE EL PASO TX 79905,"4800 Alberta Ave, El Paso, TX 79905, United States","Dr. Sumit Gaur, MD",Texas Tech Physicians-El Paso: Loflin James R MD,0.7,Same address group; phone prefix aligns with Texas Tech Physicians listings,1176,345.0
4800 ALBERTA AVE EL PASO TX 79905,"4800 Alberta Ave, El Paso, TX 79905, United States","Dr. Jose A. Castro-Garcia, MD",Texas Tech Physicians-El Paso: Loflin James R MD,0.6,Same address group; external directory listing but most consistent clinic in group is Texas Tech Physicians,1177,345.0
4800 ALBERTA AVE EL PASO TX 79905,"4800 Alberta Ave, El Paso, TX 79905, United States","Dr. Vanina Molinares, MD",Texas Tech Physicians-El Paso: Loflin James R MD,0.7,Same address group; phone prefix aligns with Texas Tech Physicians listings,1449,345.0
4800 ALBERTA AVE EL PASO TX 79905,"4800 Alberta Ave, El Paso, TX 79905, United States",Porres Aguilar Mateo MD,Texas Tech Physicians-El Paso: Loflin James R MD,0.92,"Provider record uses texastechphysicians.com, matching Texas Tech Physicians clinic",1450,345.0
4801 ALBERTA AVE EL PASO TX 79905,"4801 Alberta Ave, El Paso, TX 79905, United States","Dr. Ma Theresa M. Villanos, MD",Texas Tech Physicians of El Paso,0.62,"Provider listed at same address group; no specialty clinic explicitly indicated, so linked to umbrella Texas Tech Physicians of El Paso.",433,88.0
4801 ALBERTA AVE EL PASO TX 79905,"4801 Alberta Ave, El Paso, TX 79905, United States",Dr. Rajiv Rajani,Texas Tech Physicians of El Paso: Orthopaedic Surgery & Rehabilitation,0.78,Provider has Texas Tech Physicians provider page and phone matches orthopaedics clinic number (915-215-5400).,436,1169.0
4801 ALBERTA AVE EL PASO TX 79905,"4801 Alberta Ave, El Paso, TX 79905, United States","Dr. Susan F. Mclean, MD",Texas Tech Physicians of El Paso,0.62,"Website references Texas Tech Physicians; specialty clinic not specified, so linked to umbrella clinic.",437,88.0
4801 ALBERTA AVE EL PASO TX 79905,"4801 Alberta Ave, El Paso, TX 79905, United States","Dr. Namrata S. Singh, MD",Texas Tech Physicians of El Paso,0.62,Same address group and phone appears within TT Physicians system; specialty clinic not specified.,438,88.0
4801 ALBERTA AVE EL PASO TX 79905,"4801 Alberta Ave, El Paso, TX 79905, United States","Dr. Oscar E. Gomez, MD",Texas Tech Physicians of El Paso,0.55,Same address group; external site listed but phone matches shared number in group; no clear specialty clinic match.,1090,88.0
4801 ALBERTA AVE EL PASO TX 79905,"4801 Alberta Ave, El Paso, TX 79905, United States","Dr. Eduardo J. Menjivar Flores, MD",Texas Tech Physicians of El Paso,0.55,Same address group; external site listed but phone matches shared number in group; no clear specialty clinic match.,1092,88.0
4801 ALBERTA AVE EL PASO TX 79905,"4801 Alberta Ave, El Paso, TX 79905, United States","Dr. Juan Figueroa-Casas, MD",Texas Tech Physicians of El Paso - Internal Medicine,0.7,Provider phone matches Internal Medicine clinic number (915-215-5200).,1174,317.0
4815 ALAMEDA AVE EL PASO TX 79905,"4815 Alameda Ave, El Paso, TX 79905, United States",Loflin James R MD,University Medical Center of El Paso,0.8,Provider record uses umcelpaso.org; best match is University Medical Center of El Paso (main facility),342,108.0
4815 ALAMEDA AVE EL PASO TX 79905,"4815 Alameda Ave, El Paso, TX 79905, United States","Dr. Enrique Gonzalez, MD",University Medical Center Ysleta,0.88,Provider phone (915-790-5700) matches University Medical Center Ysleta,418,260.0
4815 ALAMEDA AVE EL PASO TX 79905,"4815 Alameda Ave, El Paso, TX 79905, United States","Dr. Jose A. Lopez, MD",University Medical Center of El Paso,0.82,Provider phone (915-545-7333) aligns with UMC El Paso main; website is umcelpaso.org,421,108.0
4815 ALAMEDA AVE EL PASO TX 79905,"4815 Alameda Ave, El Paso, TX 79905, United States",Dr. Alba Nevarez,University Medical Center Ysleta,0.88,Provider phone (915-790-5700) matches University Medical Center Ysleta,428,260.0
4815 ALAMEDA AVE EL PASO TX 79905,"4815 Alameda Ave, El Paso, TX 79905, United States",Dr. Russell Baker,University Medical Center of El Paso,0.65,No website; linked to main UMC El Paso as primary clinic at this address group,430,108.0
4815 ALAMEDA AVE EL PASO TX 79905,"4815 Alameda Ave, El Paso, TX 79905, United States",Dr. Remi Trien,University Medical Center of El Paso,0.65,No website; linked to main UMC El Paso as primary clinic at this address group,434,108.0
4815 ALAMEDA AVE EL PASO TX 79905,"4815 Alameda Ave, El Paso, TX 79905, United States","Dr. Shawnna L. Kifer, MD",University Medical Center of El Paso,0.82,Provider phone (915-545-7333) aligns with UMC El Paso main; website is umcelpaso.org,1144,108.0
4815 ALAMEDA AVE EL PASO TX 79905,"4815 Alameda Ave, El Paso, TX 79905, United States",Sebesta Sean MD,University Medical Center of El Paso,0.82,Provider phone (915-545-7333) aligns with UMC El Paso main; website is umcelpaso.org,1145,108.0
4815 ALAMEDA AVE EL PASO TX 79905,"4815 Alameda Ave, El Paso, TX 79905, United States","Dr. Michael C. Smith, MD",University Medical Center of El Paso,0.75,Provider phone is a UMC-associated number; best match is UMC El Paso main facility,1149,108.0
4815 ALAMEDA AVE EL PASO TX 79905,"4815 Alameda Ave, El Paso, TX 79905, United States","Dr. Cesar A. Dias, MD",University Medical Center of El Paso,0.82,Provider phone (915-545-7333) aligns with UMC El Paso main; website is umcelpaso.org,1153,108.0
4815 ALAMEDA AVE EL PASO TX 79905,"4815 Alameda Ave, El Paso, TX 79905, United States","Dr. Stephen W. Borron, MD",University Medical Center of El Paso,0.82,Provider phone (915-545-7333) aligns with UMC El Paso main; website is umcelpaso.org,1157,108.0
4824 ALBERTA AVE EL PASO TX 79905,"4824 Alberta Ave, El Paso, TX 79905, United States","Dr. Angela S. Jones-Allen, MD",UMC - Employee Clinic,0.82,Provider phone matches UMC - Employee Clinic phone number (915) 521-7866.,1155,312.0
4875 MAXWELL AVE EL PASO TX 79904,"4875 Maxwell Ave, El Paso, TX 79904, United States",Dr. Oscar Noriega,Project Vida - Northeast Health Center,0.64,"At this address, Project Vida - Northeast Health Center is the most specific/established facility; 'Northeast Family Practice' appears more generic and has an out-of-area phone number.",383,362.0
494 N KENAZO AVE STE I HORIZON CITY TX 79928,"494 N Kenazo Ave Suite I, Horizon City, TX 79928, United States",Diana Escobedo,St. Andrew's Family Medicine Clinic,0.97,Provider profile is hosted on the clinic website and shares the same phone number as the clinic.,918,883.0
500 PEYTON HILLS DR STE A EL PASO TX 79928,"500 Peyton Hills Dr Suite A, El Paso, TX 79928, United States","Jose A Marin, MD, PA",Transmountain Primary Care,0.92,Same phone number and shared tmprimarycare.com domain indicating provider practices at Transmountain Primary Care.,913,770.0
5001 N PIEDRAS ST EL PASO TX 79930,"5001 N Piedras St, El Paso, TX 79930, United States","Dr. Tomas H. Aguilar, MD",El Paso VA Medical Center,0.9,Provider phone shares VA medical center exchange/prefix and same address group as El Paso VA Medical Center.,950,350.0
5001 N PIEDRAS ST EL PASO TX 79930,"5001 N Piedras St, El Paso, TX 79930, United States","Dr. Eliza B. San Roman, DO",El Paso VA Medical Center,0.9,Provider phone shares VA medical center exchange/prefix and same address group as El Paso VA Medical Center.,952,350.0
5005 N PIEDRAS ST EL PASO TX 79920,"5005 N Piedras St, El Paso, TX 79920, United States",Molina Melissa A MD,,0.95,No clinic/facility record provided for this address group,533,
5005 N PIEDRAS ST EL PASO TX 79920,"5005 N Piedras St, El Paso, TX 79920, United States",Pomales Oscar,,0.95,No clinic/facility record provided for this address group,767,
5005 N PIEDRAS ST EL PASO TX 79920,"5005 N Piedras St, El Paso, TX 79920, United States",Benjamin Robert MD,,0.95,No clinic/facility record provided for this address group,773,
5005 N PIEDRAS ST EL PASO TX 79920,"5005 N Piedras St, El Paso, TX 79920, United States","Dr. Azadeh Zarani, MD",,0.95,No clinic/facility record provided for this address group,774,
5005 N PIEDRAS ST EL PASO TX 79920,"5005 N Piedras St, El Paso, TX 79920, United States","Dr. Joseph R. Hsu, MD",,0.95,No clinic/facility record provided for this address group,775,
5005 N PIEDRAS ST EL PASO TX 79920,"5005 N Piedras St, El Paso, TX 79920, United States",Gomez Lorena MD,,0.95,No clinic/facility record provided for this address group,776,
5005 N PIEDRAS ST EL PASO TX 79920,"5005 N Piedras St, El Paso, TX 79920, United States","Dr. Jason B. Andres, DO",,0.95,No clinic/facility record provided for this address group,777,
5005 N PIEDRAS ST EL PASO TX 79920,"5005 N Piedras St, El Paso, TX 79920, United States",Howze Sheri L MD,,0.95,No clinic/facility record provided for this address group,778,
5005 N PIEDRAS ST EL PASO TX 79920,"5005 N Piedras St, El Paso, TX 79920, United States",Simcic Kenneth MD,,0.95,No clinic/facility record provided for this address group,780,
5005 N PIEDRAS ST EL PASO TX 79920,"5005 N Piedras St, El Paso, TX 79920, United States",Hamilton Cynthia K DO,,0.95,No clinic/facility record provided for this address group,781,
5005 N PIEDRAS ST EL PASO TX 79920,"5005 N Piedras St, El Paso, TX 79920, United States",Lagarza Albert D MD,,0.95,No clinic/facility record provided for this address group,782,
5005 N PIEDRAS ST EL PASO TX 79920,"5005 N Piedras St, El Paso, TX 79920, United States",Dehqanzada Zia A MD,,0.95,No clinic/facility record provided for this address group,783,
5005 N PIEDRAS ST EL PASO TX 79920,"5005 N Piedras St, El Paso, TX 79920, United States","Dr. David M. Chatwin, MD",,0.95,No clinic/facility record provided for this address group,784,
5005 N PIEDRAS ST EL PASO TX 79920,"5005 N Piedras St, El Paso, TX 79920, United States","Dr. William A. Cooper, DO",,0.95,No clinic/facility record provided for this address group,785,
5005 N PIEDRAS ST EL PASO TX 79920,"5005 N Piedras St, El Paso, TX 79920, United States",Dr. Joshua Simmons,,0.95,No clinic/facility record provided for this address group,786,
5005 N PIEDRAS ST EL PASO TX 79920,"5005 N Piedras St, El Paso, TX 79920, United States",Owens Brett D MD,,0.95,No clinic/facility record provided for this address group,789,
5005 N PIEDRAS ST EL PASO TX 79920,"5005 N Piedras St, El Paso, TX 79920, United States","Dr. Alice M. Anaya, MD",,0.95,No clinic/facility record provided for this address group,790,
5005 N PIEDRAS ST EL PASO TX 79920,"5005 N Piedras St, El Paso, TX 79920, United States","Dr. Megan Childs, MD",,0.95,No clinic/facility record provided for this address group,791,
5005 N PIEDRAS ST EL PASO TX 79920,"5005 N Piedras St, El Paso, TX 79920, United States","Dr. Ferdinand K. Bacomo, DO",,0.95,No clinic/facility record provided for this address group,795,
5005 N PIEDRAS ST EL PASO TX 79930,"5005 N Piedras St, El Paso, TX 79930, United States","Dr. Nicholas Boe, MD",,0.25,No clinic/facility record provided in this address group to link the provider to.,953,
5005 N PIEDRAS ST EL PASO TX 79930,"5005 N Piedras St, El Paso, TX 79930, United States","Dr. Mario G. Gonzalez, MD",,0.25,No clinic/facility record provided in this address group to link the provider to.,954,
501 N YARBROUGH DR STE B EL PASO TX 79915,"501 N Yarbrough Dr Ste B, El Paso, TX 79915, United States","Mauricio Ernesto Jimenez, MD",WellMed at Lower Valley,0.93,Same phone number and WellMed directory; clinic record is the only facility at this address.,505,471.0
501 N YARBROUGH DR STE B EL PASO TX 79915,"501 N Yarbrough Dr Ste B, El Paso, TX 79915, United States","Danny Danise Anchondo, MD",WellMed at Lower Valley,0.93,Same phone number and WellMed directory; clinic record is the only facility at this address.,737,471.0
501 N YARBROUGH DR STE B EL PASO TX 79915,"501 N Yarbrough Dr Ste B, El Paso, TX 79915, United States","Albert Christopher Torres, NP",WellMed at Lower Valley,0.93,Same phone number and WellMed directory; clinic record is the only facility at this address.,747,471.0
5055 MCNUTT RD SANTA TERESA NM 88008,"5055 McNutt Rd, Santa Teresa, NM 88008, United States",Tamra Varela,Santa Teresa Medical Center,0.9,Provider record shares the same address group and identical phone number as Santa Teresa Medical Center.,1431,966.0
510 E LISA DR CHAPARRAL NM 88081,"510 E Lisa Dr, Chaparral, NM 88081, United States","Marissa D. Romero, CFNP",La Clinica De Familia - Chaparral Medical,0.93,Same address group and shared phone number; clinic record represents the facility.,1448,1444.0
510 E LISA DR CHAPARRAL NM 88081,"510 E Lisa Dr, Chaparral, NM 88081, United States","Dr. Gaston A. Berrios, MD",La Clinica De Familia - Chaparral Medical,0.93,Same address group and shared phone number; clinic record represents the facility.,1451,1444.0
5100 E PAISANO DR EL PASO TX 79905,"5100 E Paisano Dr, El Paso, TX 79905, United States","Katherine C Genrich, MD",WellMed at Paisano,0.96,Same phone number and WellMed domain; clinic record is the WellMed Paisano location.,416,398.0
5100 E PAISANO DR EL PASO TX 79905,"5100 E Paisano Dr, El Paso, TX 79905, United States","Christina Avila, MD",WellMed at Paisano,0.96,Same phone number and WellMed domain; clinic record is the WellMed Paisano location.,419,398.0
5100 E PAISANO DR EL PASO TX 79905,"5100 E Paisano Dr, El Paso, TX 79905, United States","Krystal Rodriguez, NP",WellMed at Paisano,0.96,Same phone number and WellMed domain; clinic record is the WellMed Paisano location.,1143,398.0
5100 E PAISANO DR EL PASO TX 79905,"5100 E Paisano Dr, El Paso, TX 79905, United States","Yadira Ivonne Cabrera, NP",WellMed at Paisano,0.96,Same phone number and WellMed domain; clinic record is the WellMed Paisano location.,1146,398.0
5160 EL PASO DR EL PASO TX 79905,"5160 El Paso Dr, El Paso, TX 79905, United States",Dr. Lorena Gomez,WellMed at El Paso Drive,0.93,Same address group and identical phone number as the WellMed clinic location.,417,223.0
5160 EL PASO DR EL PASO TX 79905,"5160 El Paso Dr, El Paso, TX 79905, United States",Dr. Sonia Alvarez,WellMed at El Paso Drive,0.93,Same address group and identical phone number as the WellMed clinic location.,420,223.0
5290 MCNUTT RD STE 109 STE 109 SANTA TERESA NM 88008,"5290 McNutt Rd Suite 109 Suite 109, Santa Teresa, NM 88008, United States","Richard E. Larsen, PA",Country Club Medical Clinic,0.93,"Shares same phone number and website domain as the clinic record, suggesting affiliation with Country Club Medical Clinic.",1419,965.0
5290 MCNUTT RD STE 109 STE 109 SANTA TERESA NM 88008,"5290 McNutt Rd Suite 109 Suite 109, Santa Teresa, NM 88008, United States","Dr. Dorothy F. Gault-Mcnemee, MD",Country Club Medical Clinic,0.9,"Shares the same phone number as the clinic record at this address, indicating practice at/with Country Club Medical Clinic.",1436,965.0
5340 EL PASO DR A EL PASO TX 79905,"5340 El Paso Dr # A, El Paso, TX 79905, United States","Kaufman Robert M, Paisano Medical Center",Paisano Medical Center,0.95,Record explicitly associates Kaufman Robert M with Paisano Medical Center and shares the same phone number.,424,107.0
5400 ALAMEDA AVE STE A EL PASO TX 79905,"5400 Alameda Ave Suite A, El Paso, TX 79905, United States","Daniela Pino, MD",UMC Healthcare Partners Obstetrics and Gynecology Alameda,0.95,Provider listed with same phone and same OB/GYN clinic Alameda webpage as the clinic record,427,406.0
5400 ALAMEDA AVE STE A EL PASO TX 79905,"5400 Alameda Ave Suite A, El Paso, TX 79905, United States","Antonio Romo de Vivar Chavez, MD",UMC Healthcare Partners Obstetrics and Gynecology Alameda,0.95,Provider listed with same phone and same OB/GYN clinic Alameda webpage as the clinic record,432,406.0
5401 MONTANA AVE B EL PASO TX 79903,"5401 Montana Ave B, El Paso, TX 79903, United States","Marilyn Julian, MD",Village Medical at Walgreens - Timber Wolf,0.88,Shares same address group and phone number with the Village Medical at Walgreens location,305,294.0
5401 MONTANA AVE B EL PASO TX 79903,"5401 Montana Ave B, El Paso, TX 79903, United States","Jose-Ruben Ayala, MD",Village Medical at Walgreens - Timber Wolf,0.95,Village Medical provider profile and same address group; likely practices at this Village Medical location,325,294.0
5401 MONTANA AVE B EL PASO TX 79903,"5401 Montana Ave B, El Paso, TX 79903, United States","Humberto Saenz, MD",Village Medical at Walgreens - Timber Wolf,0.8,Village Medical provider profile and same address group; no matching phone but best fit is the only clinic listed,326,294.0
545 S COUNTY LINE DR CHAPARRAL NM 88081,"545 S County Line Dr, Chaparral, NM 88081, United States","Dr. Kyong Y. Ko, MD",County Line Medical Services,0.83,Only one clinic/facility record at this address; provider likely practices there,1447,1446.0
550 S MESA HILLS DR C-3 EL PASO TX 79912,"550 S Mesa Hills Dr C-3, El Paso, TX 79912, United States","Luis Guerra, MD",Village Medical - South Mesa Hills,0.96,Provider profile is on Village Medical and shares the same phone/address group as the Village Medical - South Mesa Hills location,528,97.0
550 S MESA HILLS DR C-3 EL PASO TX 79912,"550 S Mesa Hills Dr C-3, El Paso, TX 79912, United States","Alejandro Ovalle, MD",Village Medical - South Mesa Hills,0.96,Provider profile is on Village Medical and shares the same phone/address group as the Village Medical - South Mesa Hills location,630,97.0
550 S MESA HILLS DR STE C-2 EL PASO TX 79912,"550 S Mesa Hills Dr suite C-2, El Paso, TX 79912, United States",Escandon C Georgina MD,"myWELLNESS -- Dr Douglas Payne, MD & Dr CG Escandon, MD",0.88,"Clinic record explicitly mentions Dr CG Escandon, MD as part of myWELLNESS",631,644.0
550 S MESA HILLS DR STE E-1 EL PASO TX 79912,"550 S Mesa Hills Dr Suite E-1, El Paso, TX 79912, United States","Jose Zamudio, MD",Advanced Center for Women's Health at Providence,0.83,Provider profile is on Providence Medical Partners site and shares the same phone/address group as the Providence women's health clinic.,643,660.0
600 4TH ST NE FABENS TX 79838,"600 4th St NE, Fabens, TX 79838, United States","Dr. Marco Diaz, MD",,0.25,Multiple clinics share the same address and no record-level evidence ties Dr. Marco Diaz to either specific clinic.,1383,
600 ANTHONY DR ANTHONY NM 88021,"600 Anthony Dr, Anthony, NM 88021, United States","Dr. Oscar A. Castrejon, MD",Anthony Medical Clinic,0.63,All records share the same phone/address; 'Anthony Medical Clinic' is the most general facility at this location.,1375,1314.0
600 ANTHONY DR ANTHONY NM 88021,"600 Anthony Dr, Anthony, NM 88021, United States",Imuro George P MD,Anthony Medical Clinic,0.63,Same phone/address; 'Anthony Medical Clinic' appears to be the primary clinic entity at the location.,1376,1314.0
6000 NORTHERN PASS DR STE B EL PASO TX 79912,"6000 Northern Pass Dr Suite B, El Paso, TX 79912, United States","Dr. Naima Khamsi, MD",Her Health OB/GYN & Fertility Center,0.96,Same address group and identical phone number suggests Dr. Khamsi practices at Her Health OB/GYN & Fertility Center,557,572.0
6024 AZTEC RD EL PASO TX 79925,"6024 Aztec Rd, El Paso, TX 79925, United States",Carlos M Remirez,R E Medical Associates,0.88,"Provider and clinic share the same address group and identical phone number, indicating affiliation.",554,401.0
6065 MONTANA AVE C10 EL PASO TX 79925,"6065 Montana Ave # C10, El Paso, TX 79925, United States","Dr. Gabriela Hunko, MD",Montana Physicians Clinic,0.97,Provider shares the same phone number as Montana Physicians Clinic at this address,457,324.0
615 N ZARAGOZA RD STE 86 EL PASO TX 79907,"615 N Zaragoza Rd Ste 86, El Paso, TX 79907, United States","Sarah Ann Sepulveda, MD",WellMed at Zaragoza,0.95,Same phone number and both are WellMed pages for the same address group; clinic record is the only facility listed.,509,473.0
615 N ZARAGOZA RD STE 86 EL PASO TX 79907,"615 N Zaragoza Rd Ste 86, El Paso, TX 79907, United States","Angela Sharon Jones-Allen, MD",WellMed at Zaragoza,0.95,Same phone number and both are WellMed pages for the same address group; clinic record is the only facility listed.,510,473.0
6151 DEW DR 410 EL PASO TX 79912,"6151 Dew Dr # 410, El Paso, TX 79912, United States","Dr. Victor M. Villalobos, MD",Mt. West Family Health Center,0.92,Provider shares the same phone number as Mt. West Family Health Center at this address.,632,225.0
6320 GTWY BLVD E EL PASO TX 79905,"6320 Gtwy Blvd E, El Paso, TX 79905, United States","Dr. Rohitkumar S. Patel, MD",Concentra Urgent Care,0.93,Provider shares the same phone number and address group with Concentra Urgent Care.,423,273.0
6600 N DESERT BLVD EL PASO TX 79912,"6600 N Desert Blvd, El Paso, TX 79912, United States","Rolando Lindo Jr., MD",UMC - West Clinic,0.86,Provider shares phone and UMC site; best match is the specific UMC West location page,550,650.0
6600 N DESERT BLVD EL PASO TX 79912,"6600 N Desert Blvd, El Paso, TX 79912, United States","Jesus Alonzo, MD",UMC - West Clinic,0.86,Provider shares phone and UMC site; best match is the specific UMC West location page,555,650.0
6600 N DESERT BLVD EL PASO TX 79912,"6600 N Desert Blvd, El Paso, TX 79912, United States","Tanaya Nayak, MD",UMC - West Clinic,0.86,Provider shares phone and UMC site; best match is the specific UMC West location page,592,650.0
6600 N DESERT BLVD EL PASO TX 79912,"6600 N Desert Blvd, El Paso, TX 79912, United States","Iris Tomas, MD",UMC - West Clinic,0.86,Provider shares phone and UMC site; best match is the specific UMC West location page,603,650.0
6600 N DESERT BLVD EL PASO TX 79912,"6600 N Desert Blvd, El Paso, TX 79912, United States","Jose Luis Aguirre, MD",UMC - West Clinic,0.86,Provider shares phone and UMC site; best match is the specific UMC West location page,604,650.0
6974 GTWY BLVD E F EL PASO TX 79915,"6974 Gtwy Blvd E F, El Paso, TX 79915, United States",Dr. Rafael Armendariz,Salud Y Vida,0.92,Same phone number and same domain/website branding (saludyvidapa.com) indicate Dr. Rafael Armendariz practices at Salud Y Vida.,553,712.0
700 S OCHOA ST EL PASO TX 79901,"700 S Ochoa St, El Paso, TX 79901, United States",Dr. Juan Loya,"Centro De Salud Familiar La Fe, Inc.",0.7,"Same address group; no other clinic clearly identified, so default to the only clinic record",41,0.0
700 S OCHOA ST EL PASO TX 79901,"700 S Ochoa St, El Paso, TX 79901, United States",Delilah Work,"Centro De Salud Familiar La Fe, Inc.",0.55,"Same address group; no other clinic listed, so likely associated with Centro De Salud Familiar La Fe",47,0.0
700 S OCHOA ST EL PASO TX 79901,"700 S Ochoa St, El Paso, TX 79901, United States","Dr. Ana M. Meza, MD","Centro De Salud Familiar La Fe, Inc.",0.95,Shares the same phone number (915) 545-4550 as Centro De Salud Familiar La Fe,104,0.0
700 S OCHOA ST EL PASO TX 79901,"700 S Ochoa St, El Paso, TX 79901, United States",Central De Salud Familiar La: Sheikh Shazia F MD,"Centro De Salud Familiar La Fe, Inc.",0.98,Record explicitly references 'Central/Centro De Salud Familiar La Fe' and shares phone (915) 545-4550,1099,0.0
700 S OCHOA ST EL PASO TX 79901,"700 S Ochoa St, El Paso, TX 79901, United States","Laura Marquez, NP","Centro De Salud Familiar La Fe, Inc.",0.6,"Same address group; no separate clinic record for WellMed at this address, so most likely tied to the only clinic listed",1111,0.0
7100 WESTWIND DR STE 120 EL PASO TX 79912,"7100 Westwind Dr STE 120, El Paso, TX 79912, United States","Ana Arroyave, MD",The Healing Space Family and Integrative Medicine,0.95,Same phone number (915) 249-4676 and same domain healingspaceep.com as the clinic,593,642.0
7100 WESTWIND DR STE 120 EL PASO TX 79912,"7100 Westwind Dr STE 120, El Paso, TX 79912, United States",Dr. Jose Loaiza,The Healing Space Family and Integrative Medicine,0.55,Only one clear clinic record at this address; provider record lacks other affiliation details,639,642.0
7200 GTWY BLVD E STE B EL PASO TX 79915,"7200 Gtwy Blvd E ste b, El Paso, TX 79915, United States",Da Vita Cielo Vita Dialysis: Fox Melvin MD,DaVita Cielo Vista Dialysis,0.9,Provider record is labeled as associated with 'Da Vita Cielo Vista Dialysis' at the same address,447,171.0
721 S OCHOA ST EL PASO TX 79901,"721 S Ochoa St, El Paso, TX 79901, United States",Dr. Jesus Lozano,La Fe Centro De Salud Familiar: Bausas Wilma MD,0.6,Only clear clinic entity at this address is La Fe Centro De Salud Familiar; provider record lacks separate clinic name,85,15.0
721 S OCHOA ST EL PASO TX 79901,"721 S Ochoa St, El Paso, TX 79901, United States",Dr. Amador Loya,La Fe Centro De Salud Familiar: Bausas Wilma MD,0.6,Only clear clinic entity at this address is La Fe Centro De Salud Familiar; provider record lacks separate clinic name,87,15.0
721 S OCHOA ST EL PASO TX 79901,"721 S Ochoa St, El Paso, TX 79901, United States",Dr. Rene Rosas,La Fe Centro De Salud Familiar: Bausas Wilma MD,0.6,Only clear clinic entity at this address is La Fe Centro De Salud Familiar; provider record lacks separate clinic name,1081,15.0
7362 REMCON CIR EL PASO TX 79912,"7362 Remcon Cir, El Paso, TX 79912, United States",Dr. Abioye Growtherapy Psychiatric Services,Tri-crowns Holistic Healthcare,0.45,"Only one clear clinic entity at this address group; provider record appears separate (Grow Therapy), so linkage is tentative.",670,625.0
7420 REMCON CIR EL PASO TX 79912,"7420 Remcon Cir, El Paso, TX 79912, United States",Dr. Christopher Olivares,Rio Grande Urology,0.97,Provider page is on rgu.us.com and shares the same phone number as Rio Grande Urology.,682,613.0
7430 REMCON CIR A EL PASO TX 79912,"7430 Remcon Cir # A, El Paso, TX 79912, United States",Owens Brenda,,0.4,Both records reference WellMed website/phone but no explicit clinic/facility record is provided in this address group,668,
7430 REMCON CIR A EL PASO TX 79912,"7430 Remcon Cir # A, El Paso, TX 79912, United States",Fisher Carla K,,0.4,Both records reference WellMed website/phone but no explicit clinic/facility record is provided in this address group,676,
7430 REMCON CIR BLDG A EL PASO TX 79912,"7430 Remcon Cir Bldg A, El Paso, TX 79912, United States","Liliana Zuniga, MD",WellMed at Remcon,0.9,All records share the same address; provider profile is on WellMed site and clinic is the WellMed location at that address.,677,369.0
7430 REMCON CIR BLDG A EL PASO TX 79912,"7430 Remcon Cir Bldg A, El Paso, TX 79912, United States","Daniel Polanco, MD",WellMed at Remcon,0.92,Provider phone matches clinic phone (915-584-0051) and both are WellMed profiles at the same address.,686,369.0
7450 REMCON CIR EL PASO TX 79912,"7450 Remcon Cir, El Paso, TX 79912, United States",Dr. Michael Gutierrez M.D.,"El Paso Cardiology Associates, P.A. - West",0.93,Provider profile is on elpasocardio.com and shares the same phone as El Paso Cardiology Associates - West,685,648.0
7450 REMCON CIR EL PASO TX 79912,"7450 Remcon Cir, El Paso, TX 79912, United States",Dr. Michael J. DeLuca MD,"El Paso Cardiology Associates, P.A. - West",0.93,Provider profile is on elpasocardio.com and shares the same phone as El Paso Cardiology Associates - West,687,648.0
755 S TELSHOR BLVD S101 LAS CRUCES NM 88011,"755 S Telshor Blvd s101, Las Cruces, NM 88011, United States","Dr. Osvaldo R. De La Vega, MD","New Mexico Kidney Care - Dr.'s De La Vega, Perez-Ledezma, & Pinal",0.67,"Provider name (Dr. Osvaldo R. De La Vega) appears in the clinic listing 'Dr.'s De La Vega, Perez-Ledezma, & Pinal', suggesting affiliation at this address.",1325,1299.0
7812 GTWY BLVD E 200 EL PASO TX 79915,"7812 Gtwy Blvd E # 200, El Paso, TX 79915, United States","Dr. Jeanette S. Tan, MD",Specialty Clinics of El Paso,0.9,Same address group and shared phone number (915) 592-6868 indicates provider practices at the clinic,878,716.0
7812 GTWY BLVD E 230 EL PASO TX 79915,"7812 Gtwy Blvd E # 230, El Paso, TX 79915, United States","Dr. Eduardo Dejesus-Perdomo, MD",Valley Medical Clinic,0.9,Same address group and same phone number; only one clinic entity listed (Valley Medical Clinic).,730,450.0
7812 GTWY BLVD E 230 EL PASO TX 79915,"7812 Gtwy Blvd E # 230, El Paso, TX 79915, United States","Dr. Manuel J. Palafox, DO",Valley Medical Clinic,0.9,Same address group and same phone number; only one clinic entity listed (Valley Medical Clinic).,732,450.0
7812 GTWY BLVD E EL PASO TX 79915,"7812 Gtwy Blvd E, El Paso, TX 79915, United States","Dr. Kenyon R. Behrens, DO",,0.2,No clinic/facility record provided for this address group; cannot reliably assign.,739,
7812 GTWY BLVD E EL PASO TX 79915,"7812 Gtwy Blvd E, El Paso, TX 79915, United States","Dr. Cesar R. Calianga, MD",,0.2,No clinic/facility record provided for this address group; cannot reliably assign.,743,
7878 GTWY BLVD E STE 402 EL PASO TX 79915,"7878 Gtwy Blvd E Suite 402, El Paso, TX 79915, United States","Kendrick Thomas, MD","West Texas Pain Institute: Raul Lopez, MD",0.87,"Provider record uses the same West Texas Pain Institute website domain, indicating affiliation with the clinic.",733,731.0
7888 GTWY BLVD E EL PASO TX 79915,"7888 Gtwy Blvd E, El Paso, TX 79915, United States","Dr. Pablo Casares, MD",Best Physician Group,0.92,"Provider shares the same phone number (915-300-3484) with Best Physician Group, indicating affiliation.",1072,719.0
7920 DONIPHAN DR VINTON TX 79821,"7920 Doniphan Dr, Vinton, TX 79821, United States",Vinton Medical Clinic: Reding Perry MD,"Vinton Health Clinic, Llc",0.67,"Provider listing uses 'Vinton Medical Clinic', which most closely aligns with the clinic entity named 'Vinton Health Clinic, LLC' rather than 'Vinton Medical Center'",1371,1356.0
8045 N LOOP DR STE A EL PASO TX 79915,"8045 N Loop Dr Ste A, El Paso, TX 79915, United States","Diego De la Mora, MD",Village Medical at Walgreens - Mission Valley,0.97,Provider profile is on Village Medical site; same phone and address group indicates provider practices at this Village Medical clinic,727,413.0
8061 ALAMEDA AVE EL PASO TX 79915,"8061 Alameda Ave, El Paso, TX 79915, United States","Dr. Jose Luna Jr, MD",Centro San Vicente,0.9,Same address group and phone number as Centro San Vicente,499,379.0
8061 ALAMEDA AVE EL PASO TX 79915,"8061 Alameda Ave, El Paso, TX 79915, United States","Dr. Cesar E. Maldonado, MD",Centro San Vicente,0.95,Shares sanvicente.org website and phone with Centro San Vicente,503,379.0
8061 ALAMEDA AVE EL PASO TX 79915,"8061 Alameda Ave, El Paso, TX 79915, United States","Dr. Ulysses J. Urquidi, MD",Centro San Vicente,0.95,Shares sanvicente.org website and phone with Centro San Vicente,729,379.0
8061 ALAMEDA AVE EL PASO TX 79915,"8061 Alameda Ave, El Paso, TX 79915, United States","Dr. Emma S. Viado, MD",Centro San Vicente,0.9,Same address group and phone number as Centro San Vicente,736,379.0
8061 ALAMEDA AVE EL PASO TX 79915,"8061 Alameda Ave, El Paso, TX 79915, United States","Dr. Angela S. Jones-Allen, MD",Centro San Vicente,0.9,Same address group and phone number as Centro San Vicente,738,379.0
8061 ALAMEDA AVE EL PASO TX 79915,"8061 Alameda Ave, El Paso, TX 79915, United States",Beltran Celina R MD,Centro San Vicente,0.95,Shares sanvicente.org website and phone with Centro San Vicente,745,379.0
815 YANDELL DR EL PASO TX 79902,"815 Yandell Dr, El Paso, TX 79902, United States","Dr. Maria V. Spurbeck, MD",Jose Roman Memorial Clinic,0.92,"Provider and clinic share the same address group and identical phone number, suggesting the provider practices at this clinic.",1086,31.0
8269 N LOOP DR EL PASO TX 79907,"8269 N Loop Dr, El Paso, TX 79907, United States","Dr. Blas A. Miranda, MD",Candelaria Medical Center,0.9,"Provider and clinic share the same phone number and address group, suggesting the provider practices at the medical center.",496,352.0
840 E REDD RD BLDG 2 EL PASO TX 79912,"840 E Redd Rd Bldg 2, El Paso, TX 79912, United States",Dr. Juan Perez,"El Paso Wellness and Healthcare Center, P.A. Juan R Perez, M.D. WEST",0.9,"Same address group; clinic record includes Juan R Perez, M.D. and matches the provider name/phone pattern.",640,540.0
8500 BOEING DR EL PASO TX 79925,"8500 Boeing Dr, El Paso, TX 79925, United States","Dr. Gerardo J. Moreira, MD",CHAMPS CLINIC EMERGENCE HEALTH,0.88,"Provider shares the same phone number (915-629-2665) as CHAMPS CLINIC EMERGENCE HEALTH, indicating affiliation.",558,538.0
855 ANTHONY DR ANTHONY NM 88021,"855 Anthony Dr, Anthony, NM 88021, United States",Dr. Claudio Perez-Ledezma,La Clinica de Familia - Anthony Medical,0.86,"Provider shares phone number (575) 882-5706 with La Clinica de Familia - Anthony Medical, indicating affiliation",1373,1340.0
8623 N LOOP DR EL PASO TX 79907,"8623 N Loop Dr, El Paso, TX 79907, United States",Kingsway Medical Center (DOT PHYSICALS Location) - Dr. Adekunle Adedeji,Kingsway Medical Center,0.9,Same phone/website domain and explicitly labeled as a Kingsway Medical Center location.,502,470.0
900 CHELSEA ST EL PASO TX 79903,"900 Chelsea St, El Paso, TX 79903, United States","Dr. Jaime R. Gomez, MD",El Paso Colon & Rectal Clinic,0.93,Shared address group and matching phone number (915) 544-4042 suggests provider practices at this clinic.,330,319.0
9001 CASHEW DR STE 100 EL PASO TX 79907,"9001 Cashew Dr Ste 100, El Paso, TX 79907, United States",Dr. Hector Granados,Health Corner Pediatrics | Cashew Dr,0.93,"Dr. Hector Granados shares the same phone number (915) 642-9444 as Health Corner Pediatrics, indicating affiliation.",757,756.0
925 S WALNUT ST LAS CRUCES NM 88001,"925 S Walnut St, Las Cruces, NM 88001, United States",Health Quest Medical Clinic: Saavedra Ramon A MD,Healthquest Medical Clinic,0.92,Same address group and identical phone number; provider listing is under Health Quest Medical Clinic,1265,1260.0
9398 VISCOUNT BLVD STE 4-C EL PASO TX 79925,"9398 Viscount Blvd Suite 4-C, El Paso, TX 79925, United States",Dr. Benjamin Gonzalez MD,Family Medicine Associates of El Paso,0.94,Provider shares the same phone number and the website domain matches the clinic site,726,331.0
9411 DYER ST STE B EL PASO TX 79924,"9411 Dyer St suite b, El Paso, TX 79924, United States","Caleb Janosz, MD",1st Med,0.93,"Provider and clinic share the same phone number and website domain, indicating affiliation.",520,521.0
9555 DIANA DR EL PASO TX 79924,"9555 Diana Dr, El Paso, TX 79924, United States","Dr. Alex F. Salazar, MD",El Paso Provider Group,0.83,"Provider shares the same phone number as El Paso Provider Group, indicating affiliation",705,695.0
9740 DYER ST EL PASO TX 79924,"9740 Dyer St, El Paso, TX 79924, United States",Dr. Linda K. Velasquez,Northeast Family Clinic and Pediatrics,0.93,Shared address group and identical phone number suggest the provider practices at this clinic.,706,689.0
9839 KENWORTHY ST EL PASO TX 79924,"9839 Kenworthy St, El Paso, TX 79924, United States","Juan Castillo, MD",UMC - Northeast Clinic,0.73,Provider phone (915) 231-2304 aligns with the main clinic line (915) 231-2300; both use UMC facility-finder page for the Northeast Clinic location.,848,135.0
9839 KENWORTHY ST EL PASO TX 79924,"9839 Kenworthy St, El Paso, TX 79924, United States","Alberto Contreras,",UMC - Northeast Clinic,0.7,"Shares the same main phone (915) 231-2300 and the UMC facility-finder URL, matching the general Northeast Clinic listing more than the specific rehabilitation department page.",857,135.0
9849 KENWORTHY ST EL PASO TX 79924,"9849 Kenworthy St, El Paso, TX 79924, United States","Dr. Jennifer C. Molokwu, MD",Texas Tech Physicians of El Paso at Kenworthy,0.55,Shared address group; no specific specialty indicated; defaulting to main Texas Tech Physicians Kenworthy location,698,382.0
9849 KENWORTHY ST EL PASO TX 79924,"9849 Kenworthy St, El Paso, TX 79924, United States",Martin Charmaine MD,Texas Tech Physicians of El Paso at Kenworthy,0.8,Same phone as Texas Tech Physicians/Family Medicine line (915-215-5500) suggesting practice at Kenworthy site,703,382.0
9849 KENWORTHY ST EL PASO TX 79924,"9849 Kenworthy St, El Paso, TX 79924, United States","Dr. Lorenzo B. Aragon, MD",Texas Tech Family And Community Medicine - El Paso Family Medicine Clinics,0.82,Website points to TTUHSC family medicine faculty; best match is Family & Community Medicine clinic listing,825,691.0
9849 KENWORTHY ST EL PASO TX 79924,"9849 Kenworthy St, El Paso, TX 79924, United States",Dr. Jaime I. Jaraba,Texas Tech Physicians of El Paso at Kenworthy,0.75,Same phone (915-215-5500) and TTUHSC/TT Physicians affiliation; linked to Kenworthy Texas Tech Physicians location,832,382.0
9849 KENWORTHY ST EL PASO TX 79924,"9849 Kenworthy St, El Paso, TX 79924, United States","Dr. Navkiran K. Shokar, MD",Texas Tech Family And Community Medicine - El Paso Family Medicine Clinics,0.55,No clear clinic label in record; associated with TTUHSC family/community medicine context at this address,849,691.0
9849 KENWORTHY ST EL PASO TX 79924,"9849 Kenworthy St, El Paso, TX 79924, United States",Katherine Hartl,Texas Tech Physicians of El Paso at Kenworthy,0.6,Same phone (915-215-5500) as Texas Tech Physicians location; linked to main Kenworthy clinic,851,382.0
9849 KENWORTHY ST EL PASO TX 79924,"9849 Kenworthy St, El Paso, TX 79924, United States",Castellon Danelia MD,Texas Tech Family And Community Medicine - El Paso Family Medicine Clinics,0.5,Phone (915-757-3178) not tied to another listed clinic; linked to family/community medicine group at this site,856,691.0
9849 KENWORTHY ST EL PASO TX 79924,"9849 Kenworthy St, El Paso, TX 79924, United States",Texas Tech Family Practice: Lopez Hector M MD,Texas Tech Family And Community Medicine - El Paso Family Medicine Clinics,0.88,"Record explicitly says 'Texas Tech Family Practice', aligning with Family & Community Medicine / family medicine clinic",858,691.0
9849 KENWORTHY ST EL PASO TX 79924,"9849 Kenworthy St, El Paso, TX 79924, United States","Dr. Oscar A. Noriega, MD",Texas Tech Physicians of El Paso at Kenworthy,0.75,Same phone (915-215-5500) and TTUHSC/TT Physicians affiliation; linked to Kenworthy Texas Tech Physicians location,860,382.0
9870 GATEWAY N BLVD A EL PASO TX 79924,"9870 Gateway N Blvd A, El Paso, TX 79924, United States","Jose Zamudio, MD",,0.6,No explicit clinic/facility record provided in this address group; website indicates Providence Medical Partners but clinic entity not listed here,847,
9870 GATEWAY N BLVD A EL PASO TX 79924,"9870 Gateway N Blvd A, El Paso, TX 79924, United States","Pedro Natividad, Jr, NP",,0.6,No explicit clinic/facility record provided in this address group; website indicates WellMed Healthcare but clinic entity not listed here,852,
9963 ALAMEDA AVE A SOCORRO TX 79927,"9963 Alameda Ave A, Socorro, TX 79927, United States","Dr. Adrian O. Ugarte, MD",Medicine Clinic,0.84,"Provider shares the same phone number as Medicine Clinic, suggesting affiliation at this address.",893,885.0
9999 KENWORTHY ST B EL PASO TX 79924,"9999 Kenworthy St B, El Paso, TX 79924, United States",Dr. Jaime Quesada,Northeast Medical Plaza,0.55,Only facility/organization record at this address is 'Northeast Medical Plaza'; provider likely practices at a suite within the plaza,850,824.0
9999 KENWORTHY ST STE 1000 EL PASO TX 79924,"9999 Kenworthy St STE 1000, El Paso, TX 79924, United States","John Perry Thomas, III, MD",WellMed at Kenworthy,0.93,Provider profile is on WellMed site and shares the same phone/address as the WellMed at Kenworthy location,793,690.0
