address_norm,address_raw,provider_name,clinic_name,confidence,evidence,provider_row_index,clinic_row_index
100 EXECUTIVE CENTER BLVD STE B EL PASO TX 79902,"100 Executive Center Blvd Suite B, El Paso, TX 79902, United States",Dr. Olufemi Aduroja,Hopewell Medical Center,0.96,Same phone number and same HopewellMC domain suggest the provider practices at Hopewell Medical Center.,192,147.0
1000 N MESA ST EL PASO TX 79902,"1000 N Mesa St, El Paso, TX 79902, United States",Dr. Carlos Viesca - Border Pain Institute,Advanced Center for Women's Health at Providence,0.25,"Only one clinic record in this address group, but provider is branded with Border Pain Institute, suggesting a different clinic; link is weak.",88,23.0
10090 RUSHING RD B EL PASO TX 79924,"10090 Rushing Rd B, El Paso, TX 79924, United States","Michael Velasquez, DO",Village Medical at Walgreens - Rushfair,0.93,Same phone number and both are Village Medical pages for the same address/location,721,281.0
101 RIM RD 300 B EL PASO TX 79902,"101 Rim Rd 300 B, El Paso, TX 79902, United States","Jennifer R. George, MD",Las Palmas Del Sol Surgical Specialists,0.97,Provider profile is hosted on the clinic website domain and shares the same phone number as the clinic,754,534.0
10201 GATEWAY BLVD W 201 EL PASO TX 79925,"10201 Gateway Blvd W #201, El Paso, TX 79925, United States","Yvette Jiang, MD",Elite OBGYN of El Paso,0.6,Only explicit clinic entity at this address; provider profiles are for an OBGYN group and likely practice at this clinic location,686,802.0
10201 GATEWAY BLVD W 201 EL PASO TX 79925,"10201 Gateway Blvd W #201, El Paso, TX 79925, United States","Daniel Aronson, MD",Elite OBGYN of El Paso,0.6,Only explicit clinic entity at this address; provider profiles are for an OBGYN group and likely practice at this clinic location,799,802.0
10201 GATEWAY BLVD W 330 EL PASO TX 79925,"10201 Gateway Blvd W #330, El Paso, TX 79925, United States","Randle Umeh, MD",Veema Women’s Health Center,0.96,Same phone number and website domain (veemaep.com) indicates the provider practices at Veema Women’s Health Center.,683,672.0
10211 ALAMEDA AVE SOCORRO TX 79927,"10211 Alameda Ave, Socorro, TX 79927, United States","Eduardo Covarrubias, MD",,0.35,"Both providers reference the Border Pediatrics department page, but no explicit clinic/facility record is present in this address group to link to.",822,
10211 ALAMEDA AVE SOCORRO TX 79927,"10211 Alameda Ave, Socorro, TX 79927, United States","Niurka Curbelo, MD",,0.35,"Both providers reference the Border Pediatrics department page, but no explicit clinic/facility record is present in this address group to link to.",837,
1031 N ZARAGOZA RD EL PASO TX 79907,"1031 N Zaragoza Rd, El Paso, TX 79907, United States",Juan G. Becerra MD Medical Services of the Border Zaragoza,"Medical Services of the Border, PA",0.88,Same phone number and matching organization name/website indicate the provider practices at the clinic,438,286.0
10412 VISTA DEL SOL DR EL PASO TX 79925,"10412 Vista del Sol Dr, El Paso, TX 79925, United States","Dr. Manouchehr Refaeian, MD",Eastside Rehabilitation Medicine and Pain Clinic,0.9,Same address group and identical phone number (915) 593-9300; provider likely practices at the listed pain clinic.,912,895.0
10600 N LOOP DR SOCORRO TX 79927,"10600 N Loop Dr, Socorro, TX 79927, United States",Dr.Carol Abalihi,Socorro Pediatrics & Autism,0.55,Only clinic-like entity in this address group; provider likely practices at the same location though phone numbers differ.,835,821.0
10640 GATEWAY N BLVD B EL PASO TX 79924,"10640 Gateway N Blvd B, El Paso, TX 79924, United States","Rafael Medrano, MD",Cardiology Care Consultants - Gateway North Boulevard,0.96,"Provider profile hosted on cardiologycare.com, same phone number as Cardiology Care Consultants listing.",782,778.0
11040 VISTA DEL SOL DR STE A EL PASO TX 79935,"11040 Vista del Sol Dr Suite A, El Paso, TX 79935, United States","Jesus Baeza, MD",Eastside Women's Healthcare Center,0.93,Provider profile is on womenscareofelpaso.com; clinic record is the corresponding location at the same phone/address group,692,714.0
11040 VISTA DEL SOL DR STE A EL PASO TX 79935,"11040 Vista del Sol Dr Suite A, El Paso, TX 79935, United States","David Monticone, MD",Eastside Women's Healthcare Center,0.93,Provider profile is on womenscareofelpaso.com; clinic record is the corresponding location at the same phone/address group,905,714.0
11160 LA QUINTA PL EL PASO TX 79936,"11160 La Quinta Pl, El Paso, TX 79936, United States","Dr. Ramon A. Colon-Dordal, MD",Sun City Pediatrics PA,0.9,Same address group and same phone number (915) 591-1494 suggests the doctor practices at Sun City Pediatrics PA,1014,911.0
11167 1/2 LA QUINTA PL EL PASO TX 79936,"11167 1/2, La Quinta Pl, El Paso, TX 79936, United States","Dr. Anne V. Hale, MD",In Vogue Total Women's Healthcare PLLC,0.78,Same phone and website domain; PLLC likely the legal clinic entity for the InVogue brand,900,441.0
11331 JAMES WATT DR BUILDING 100 EL PASO TX 79936,"11331 James Watt Dr Building 100, El Paso, TX 79936, United States","Farooque Ahmed, M.D - Internal Medicine Primary Care",James Watt Medical Center,0.92,"Provider shares the same phone number as the medical center at this address, suggesting affiliation.",906,414.0
11450 GATEWAY N BLVD STE 1100 EL PASO TX 79934,"11450 Gateway N Blvd Suite 1100, El Paso, TX 79934, United States","Pedro ""Pete"" Natividad, FNP-C",Providence Medical Partners - North East,0.93,Same address group and same phone number as the clinic (915-271-4635); provider listed on Providence Medical Partners site,881,704.0
11450 GATEWAY N BLVD STE 1100 EL PASO TX 79934,"11450 Gateway N Blvd Suite 1100, El Paso, TX 79934, United States","Mirabelle Nofeh, NP",Providence Medical Partners - North East,0.93,Same address group and same phone number as the clinic (915-271-4635); provider listed on Providence Medical Partners site,884,704.0
11450 GATEWAY N BLVD STE 1100 EL PASO TX 79934,"11450 Gateway N Blvd Suite 1100, El Paso, TX 79934, United States","Ahmed Ibrahim, MD",Providence Medical Partners - North East,0.78,Same address group and within Providence Medical Partners network; phone differs but no other clinic listed at this address,885,704.0
11450 GATEWAY N BLVD STE 2100 EL PASO TX 79934,"11450 Gateway N Blvd ste 2100, El Paso, TX 79934, United States","Raul J Lopez, MD",West Texas Pain Institute: Northeast Location,0.9,"Provider website is on westtexaspain.com, matching West Texas Pain Institute Northeast Location",882,860.0
11450 GATEWAY N BLVD STE 2100 EL PASO TX 79934,"11450 Gateway N Blvd ste 2100, El Paso, TX 79934, United States","Kendrick Thomas, MD",West Texas Pain Institute: Northeast Location,0.93,"Provider page hosted on westtexaspain.com, associated with West Texas Pain Institute Northeast Location",883,860.0
11548 VISTA DEL SOL DR EL PASO TX 79936,"11548 Vista del Sol Dr, El Paso, TX 79936, United States","Teresa Pinaroc, MD",Sun Valley Medical Clinic,0.9,Provider record uses the same website domain (adultmedclinic.com) as the clinic record at this address.,746,716.0
11548 VISTA DEL SOL DR EL PASO TX 79936,"11548 Vista del Sol Dr, El Paso, TX 79936, United States","Dr. Maria T. Rubio-Pinaroc, MD",Sun Valley Medical Clinic,0.86,Shares the same phone number (915-594-0565) with Sun Valley Medical Clinic at this address.,748,716.0
11880 VISTA DEL SOL DR STE B EL PASO TX 79936,"11880 Vista del Sol Dr Suite B, El Paso, TX 79936, United States","Dr. Raul Zayas, MD",Primary Healthcare Physicians,0.94,Shares the same phone number (915) 855-7900 as Primary Healthcare Physicians.,459,90.0
11880 VISTA DEL SOL DR STE B EL PASO TX 79936,"11880 Vista del Sol Dr Suite B, El Paso, TX 79936, United States","Dr. Ralu Hinojos, MD",Primary Healthcare Physicians,0.97,"Provider record uses the phpelpaso.com website, matching Primary Healthcare Physicians.",464,90.0
11880 VISTA DEL SOL DR STE B EL PASO TX 79936,"11880 Vista del Sol Dr Suite B, El Paso, TX 79936, United States",Dr. Olmer Brooker,Primary Healthcare Physicians,0.98,Listed on phpelpaso.com/about-us and shares the clinic phone number.,840,90.0
11880 VISTA DEL SOL DR STE B EL PASO TX 79936,"11880 Vista del Sol Dr Suite B, El Paso, TX 79936, United States","Dr. Jaime H. Square, MD",Primary Healthcare Physicians,0.94,Shares the same phone number (915) 855-7900 as Primary Healthcare Physicians.,930,90.0
11880 VISTA DEL SOL DR STE B EL PASO TX 79936,"11880 Vista del Sol Dr Suite B, El Paso, TX 79936, United States","Dr. Ronald F. Baker, MD",Primary Healthcare Physicians,0.92,Shares the same phone number (915) 855-7900 as Primary Healthcare Physicians; other linked site appears to be a directory listing.,934,90.0
1201 E SCHUSTER AVE BLDG 7 EL PASO TX 79902,"1201 E Schuster Ave BLDG 7, El Paso, TX 79902, United States",Dr. Ogechika Alozie,Sunset West Health,0.62,Shares the same phone number with Sunset West Health; best match among clinics listed,98,8.0
1205 N OREGON ST EL PASO TX 79902,"1205 N Oregon St, El Paso, TX 79902, United States",Suresh Antony MD,Center Infectious Diseases,0.93,Same address group and identical phone number indicates provider practices at the clinic,78,36.0
1205 N OREGON ST EL PASO TX 79902,"1205 N Oregon St, El Paso, TX 79902, United States",Dr. Nishaal Antony,Center Infectious Diseases,0.93,Same address group and identical phone number indicates provider practices at the clinic,92,36.0
121 REDD RD EL PASO TX 79932,"121 Redd Rd, El Paso, TX 79932, United States","Dr. Alan L. Carpenter, DO",Upper Valley Urgent Care Center,0.97,"Same address group, same phone number, and provider website is the clinic domain (uvucc.com)",876,132.0
1220 N OREGON ST EL PASO TX 79902,"1220 N Oregon St, El Paso, TX 79902, United States",Schecter David R MD,Schecter & Blumenfeld PA,0.9,Same phone number and matching practice website/domain indicate the MD is part of Schecter & Blumenfeld PA.,994,992.0
12201 MONTWOOD DR EL PASO TX 79938,"12201 Montwood Dr, El Paso, TX 79938, United States",Dr. Cecilia Delmoral,Village Medical at Walgreens - Sun Ridge South,0.55,Same address group; only explicit clinic record at this address is Village Medical at Walgreens,949,725.0
12201 MONTWOOD DR EL PASO TX 79938,"12201 Montwood Dr, El Paso, TX 79938, United States","Jodie R Beltran, PA",Village Medical at Walgreens - Sun Ridge South,0.6,Shares the same phone number (915) 955-9495 with Village Medical at Walgreens record,996,725.0
125 W HAGUE RD 110 EL PASO TX 79902,"125 W Hague Rd # 110, El Paso, TX 79902, United States","El Paso Men's Clinic: Leo Altenberg, MD",El Paso Men's & Women's Clinic,0.93,Same phone number and website domain indicate the provider practices at/under the clinic,50,4.0
125 W HAGUE RD 590 EL PASO TX 79902,"125 W Hague Rd #590, El Paso, TX 79902, United States","Marco Bustamante Bernal, MD",,0.4,No explicit clinic/facility record provided in this address group; only provider profiles on Providence Medical Partners directory.,521,
125 W HAGUE RD 590 EL PASO TX 79902,"125 W Hague Rd #590, El Paso, TX 79902, United States","Ricardo Badillo, MD",,0.4,No explicit clinic/facility record provided in this address group; only provider profiles on Providence Medical Partners directory.,711,
125 W HAGUE RD STE 300 EL PASO TX 79902,"125 W Hague Rd Ste. 300, El Paso, TX 79902, United States","Dr. Christine Brandl, MD",Advanced Center for Women's Health at Providence,0.86,Same address group and phone number; clinic is women's health center consistent with OB/GYN provider profiles.,198,59.0
125 W HAGUE RD STE 300 EL PASO TX 79902,"125 W Hague Rd Ste. 300, El Paso, TX 79902, United States","Adriana Galindez de Estrada, MD",Advanced Center for Women's Health at Providence,0.86,Same address group and phone number; provider appears part of Providence women's health partners associated with the clinic.,524,59.0
1251 N ZARAGOZA RD EL PASO TX 79907,"1251 N Zaragoza Rd, El Paso, TX 79907, United States",Woo-Telles Argelia MD,Zaragoza Medical Center,0.9,Provider shares the same phone number and address group with Zaragoza Medical Center,461,407.0
12810 EDGEMERE BLVD EL PASO TX 79938,"12810 Edgemere Blvd, El Paso, TX 79938, United States",Dr. Mauro Provencio,Sun City Sports Medicine Family Clinic,0.92,Provider shares same phone and is referenced on the clinic's website under about-us.,857,843.0
1309 MONTANA AVE EL PASO TX 79902,"1309 Montana Ave, El Paso, TX 79902, United States","Dr. Michelle Mendoza, MD",Vitality MD,0.96,Same phone number and same website domain indicates provider practices at Vitality MD,1020,46.0
13650 EASTLAKE BLVD STE A-104 HORIZON CITY TX 79928,"13650 Eastlake Blvd Suite A-104, Horizon City, TX 79928, United States","Dr. Juan Carlos Israel Hernandez Garcia, MD",MediCo Healthcare,0.9,"Provider and clinic share the same address and identical phone number, indicating affiliation.",830,841.0
13800 EASTLAKE BLVD STE 400 EL PASO TX 79928,"13800 Eastlake Blvd Ste 400, El Paso, TX 79928, United States","Chioma Mgbokwere, MD",Providence Medical Partners - Horizon,0.9,Same phone number and same Providence Medical Partners domain; clinic entry is the only facility in the group,833,759.0
13800 EASTLAKE BLVD STE 400 EL PASO TX 79928,"13800 Eastlake Blvd Ste 400, El Paso, TX 79928, United States","Irma Hernandez, FNP-C",Providence Medical Partners - Horizon,0.9,Same phone number and same Providence Medical Partners domain; clinic entry is the only facility in the group,851,759.0
1387 GEORGE DIETER DR BLDG B EL PASO TX 79936,"1387 George Dieter Dr Bldg B, El Paso, TX 79936, United States","Anabel Lopez Coronado, MD",WellMed at George Dieter,0.95,Same address group and shared phone number; both under WellMed doctors directory,1030,432.0
1387 GEORGE DIETER DR BLDG B EL PASO TX 79936,"1387 George Dieter Dr Bldg B, El Paso, TX 79936, United States","Manuel Jesus Palafox, DO",WellMed at George Dieter,0.95,Same address group and shared phone number; both under WellMed doctors directory,1031,432.0
1393 GEORGE DIETER DR STE A EL PASO TX 79936,"1393 George Dieter Dr suite a, El Paso, TX 79936, United States","John D Day, MD",Nexus Neuroscience,0.95,Same address group and shared phone/website with Nexus Neuroscience,497,520.0
1393 GEORGE DIETER DR STE A EL PASO TX 79936,"1393 George Dieter Dr suite a, El Paso, TX 79936, United States","Harold K. Smith, MD",Nexus Neuroscience,0.95,Same address group and shared phone/website with Nexus Neuroscience,1003,520.0
1516 LOMALAND DR EL PASO TX 79935,"1516 Lomaland Dr, El Paso, TX 79935, United States",Dr Benito Marranzini,Frontier Medical Center,0.92,Shares the same address group and identical phone number with the clinic record,889,410.0
1516 LOMALAND DR EL PASO TX 79935,"1516 Lomaland Dr, El Paso, TX 79935, United States","Dr. Sergio F. Rovner, MD",Frontier Medical Center,0.92,Shares the same address group and identical phone number with the clinic record,902,410.0
1521 JOE BATTLE BLVD EL PASO TX 79936,"1521 Joe Battle Blvd, El Paso, TX 79936, United States","Ismael Rodriguez, MD",UMC - East Clinic,0.93,Provider record uses same phone and UMC East location webpage as UMC - East Clinic.,901,118.0
1521 JOE BATTLE BLVD EL PASO TX 79936,"1521 Joe Battle Blvd, El Paso, TX 79936, United States","Jean Choo, MD",UMC - East Clinic,0.93,Provider record uses same phone and UMC East location webpage as UMC - East Clinic.,950,118.0
1521 JOE BATTLE BLVD EL PASO TX 79936,"1521 Joe Battle Blvd, El Paso, TX 79936, United States","Regina I Molokwu, MD, MPH",UMC - East Clinic,0.93,Provider record uses same phone and UMC East location webpage as UMC - East Clinic.,956,118.0
1550 N ZARAGOZA RD STE A-107 EL PASO TX 79936,"1550 N Zaragoza Rd Suite A-107, El Paso, TX 79936, United States",MINERVA MEDRANO,"Primary Care Medical Partners, PA",0.93,"Provider record shares the same phone number and website as Primary Care Medical Partners, PA",929,853.0
1575 RESLER DR STE D EL PASO TX 79912,"1575 Resler Dr ste d, El Paso, TX 79912, United States","Maria De Benedetti Zunino, MD",Providence Medical Partners - Resler,0.9,Same phone number and both are Providence Medical Partners at the Resler address; provider profile is within the same organization.,586,566.0
1600 MEDICAL CENTER ST 309 EL PASO TX 79902,"1600 Medical Center St #309, El Paso, TX 79902, United States","Parisa Ibrahim, MD",Providence Medical Partners - Sierra,0.93,Provider profile is on providencemedicalpartners.com and shares the same phone number as Providence Medical Partners - Sierra,67,35.0
1700 CURIE DR 1500 EL PASO TX 79902,"1700 Curie Dr # 1500, El Paso, TX 79902, United States","Andres Flores, MD",Advanced Center for Women's Health at Providence,0.62,"Same address group and same Providence Medical Partners phone; specialty not given, so linked to one of the clinics at this address (women's health) by shared contact info",193,127.0
1700 CURIE DR 1500 EL PASO TX 79902,"1700 Curie Dr # 1500, El Paso, TX 79902, United States","Rodolfo Revilla, MD",Advanced Center for Women's Health at Providence,0.62,"Same address group and same Providence Medical Partners phone; specialty not given, so linked to one of the clinics at this address (women's health) by shared contact info",195,127.0
1700 E CLIFF DR BLDG A STE 200 EL PASO TX 79902,"1700 E Cliff Dr Bldg. A, Suite 200, El Paso, TX 79902, United States","Edward Assi, DO, FACC, FSCAI",,0.55,Only provider records present for this address group; no explicit clinic/facility record provided to link to,73,
1700 E CLIFF DR BLDG A STE 200 EL PASO TX 79902,"1700 E Cliff Dr Bldg. A, Suite 200, El Paso, TX 79902, United States","Abraham Gonzalez, MD, FACC",,0.55,Only provider records present for this address group; no explicit clinic/facility record provided to link to,82,
1700 MURCHISON DR EL PASO TX 79902,"1700 Murchison Dr, El Paso, TX 79902, United States","Jorge L. Carmona Rodriguez, MD",Tenet Healthcare,0.4,"Only clinic/organization-like record at this address group; provider should link to the sole clinic entity available, though Tenet may be a parent organization rather than the specific practice.",180,960.0
1700 N OREGON ST 570 EL PASO TX 79902,"1700 N Oregon St # 570, El Paso, TX 79902, United States","Madison Yachcik, DO",Las Palmas Del Sol Obstetrics/Gynecology - West,0.9,"Provider profile is hosted on womenscareofelpaso.com, matching the OB/GYN clinic listing (same domain and phone number)",970,987.0
1700 N OREGON ST STE 755 EL PASO TX 79902,"1700 N Oregon St Suite 755, El Paso, TX 79902, United States","Angel Rios, MD",El Paso Perinatology,0.86,Same address group and same phone number; provider appears to practice within the perinatology clinic,84,982.0
1721 LEE TREVINO DR EL PASO TX 79936,"1721 Lee Trevino Dr, El Paso, TX 79936, United States","Shailen Mhapsekar, MD",WellMed at Lee Trevino,0.96,Provider profile is on WellMed site and shares the same phone/address group as the WellMed location listing,907,1026.0
1721 LEE TREVINO DR EL PASO TX 79936,"1721 Lee Trevino Dr, El Paso, TX 79936, United States","Dr. Edward C. Juarez, MD",WellMed at Lee Trevino,0.93,Same phone number as WellMed at Lee Trevino; likely provider practicing at that location,989,1026.0
1721 LEE TREVINO DR EL PASO TX 79936,"1721 Lee Trevino Dr, El Paso, TX 79936, United States",Cajas Oswaldo C MD,WellMed at Lee Trevino,0.93,Same phone number as WellMed at Lee Trevino; likely provider practicing at that location,1005,1026.0
1724 WESTON BRENT LN EL PASO TX 79935,"1724 Weston Brent Ln, El Paso, TX 79935, United States","Dr. Virabandith V. Songbandith, MD",Well Med-Senior Clinic,0.9,"Provider and clinic share the same address group and identical phone number, indicating affiliation.",897,887.0
1810 MURCHISON DR 300 EL PASO TX 79902,"1810 Murchison Dr # 300, El Paso, TX 79902, United States","Cesar Israel Sandate, DO",WellMed at Murchison,0.9,Same address group and same phone number; WellMed provider profile likely associated with WellMed at Murchison location,185,79.0
200 LISBON ST EL PASO TX 79905,"200 Lisbon St, El Paso, TX 79905, United States","Dr. Juan F. Loya, MD",Centro De Salud Familiar La Fe,0.6,Only clinic/facility listed at this address; provider likely practices there despite different phone number.,353,223.0
2000 B WOODROW BEAN TRANSMOUNTAIN DR STE 200 EL PASO TX 79911,"2000 B Woodrow Bean Transmountain Dr Suite 200, El Paso, TX 79911, United States","Linda S. Lacy, MD",Advanced Center for Women's Health at Providence,0.92,Provider shares the same phone number (915-541-1144) as Advanced Center for Women's Health at Providence,588,555.0
2001 N OREGON ST EL PASO TX 79902,"2001 N Oregon St, El Paso, TX 79902, United States",Providence Memorial Hospital: Compton Michael D MD,The Hospitals of Providence Memorial Campus,0.86,"Provider record explicitly references 'Providence Memorial Hospital' and uses the same memorial campus website/phone, matching Memorial Campus.",999,103.0
2030 N MESA ST EL PASO TX 79902,"2030 N Mesa St, El Paso, TX 79902, United States","Dr. Sergio Ibarra, MD",Southwest Urgent Care Center,0.7,Only one clinic entity listed at this shared address; provider is linked to that clinic by address group.,71,0.0
2121 WYOMING AVE EL PASO TX 79903,"2121 Wyoming Ave, El Paso, TX 79903, United States",Juan G. Becerra MD,Medical Services of the Border,0.93,Provider shares same phone and website domain as Medical Services of the Border,72,85.0
2121 WYOMING AVE EL PASO TX 79903,"2121 Wyoming Ave, El Paso, TX 79903, United States","Luis Carlos Ortiz, MD",Medical Services of the Border,0.9,Provider shares same phone number as Medical Services of the Border at this address,651,85.0
2200 GEORGE DIETER DR EL PASO TX 79936,"2200 George Dieter Dr, El Paso, TX 79936, United States","Dr. Uzodinma R. Dim, MD",International CardioVascular,0.9,Same address group and identical phone number suggests provider practices at International CardioVascular.,1025,1024.0
2204 JOE BATTLE BLVD STE D203 EL PASO TX 79938,"2204 Joe Battle Blvd Ste D203, El Paso, TX 79938, United States",Dr. Victor Nwiloh,Trinity Heritage Clinic,0.84,Only one clinic record at this address group; provider likely affiliated with Trinity Heritage Clinic.,709,706.0
2260 N ZARAGOZA RD STE A114 EL PASO TX 79938,"2260 N Zaragoza Rd SUITE A114, El Paso, TX 79938, United States",dr douglas alorgbey,Zaragoza Family Clinic,0.93,Provider and clinic share the same phone number and the provider record points to the clinic's website domain/page.,488,717.0
2260 TRAWOOD DR STE C EL PASO TX 79935,"2260 Trawood Dr SUITE C, El Paso, TX 79935, United States","Jie Wu, MD",WellMed at Trawood,0.93,Same phone number and WellMed domain; provider likely practices at WellMed at Trawood location,988,681.0
2260 TRAWOOD DR STE C EL PASO TX 79935,"2260 Trawood Dr SUITE C, El Paso, TX 79935, United States","Edward Cruz Juarez, MD",WellMed at Trawood,0.93,Same phone number and WellMed domain; provider likely practices at WellMed at Trawood location,991,681.0
2311 N MESA ST STE J EL PASO TX 79902,"2311 N Mesa St Ste J, El Paso, TX 79902, United States",Roberto Gonzalez MD,Borderland Primary Care PA,0.9,Same address group and shared phone number suggests the physician practices at Borderland Primary Care PA,173,75.0
2496 RICKER RD EL PASO TX 79916,"2496 Ricker Rd, El Paso, TX 79916, United States",Dr. Heidi Francis,Soldier Family Medical Center (SFMC West Bliss),0.84,Only clinic listed at this address group; provider phone aligns with same facility area code/prefix.,695,498.0
2600 IDALIA AVE EL PASO TX 79930,"2600 Idalia Ave, El Paso, TX 79930, United States",Dr. Manuel Borrego MD,United Medical Clinic,0.92,Same address group and same phone number; provider likely practices at United Medical Clinic.,261,217.0
2900 N KANSAS ST EL PASO TX 79902,"2900 N Kansas St, El Paso, TX 79902, United States",Rich Nicolas MD,,0.62,No clinic/facility record present in this address group; only individual MD listings sharing the same phone,194,
2900 N KANSAS ST EL PASO TX 79902,"2900 N Kansas St, El Paso, TX 79902, United States",Asiain Lourdes MD,,0.62,No clinic/facility record present in this address group; only individual MD listings sharing the same phone,197,
2900 N KANSAS ST EL PASO TX 79902,"2900 N Kansas St, El Paso, TX 79902, United States",Munoz Luis R MD,,0.62,No clinic/facility record present in this address group; only individual MD listings sharing the same phone,201,
2950 GEORGE DIETER DR EL PASO TX 79936,"2950 George Dieter Dr, El Paso, TX 79936, United States","Sandra Villavicencio, MD",Village Medical at Walgreens - Sandy Creek,0.98,Same phone number and both are Village Medical; provider profile likely practices at this listed location,247,477.0
2950 GEORGE DIETER DR EL PASO TX 79936,"2950 George Dieter Dr, El Paso, TX 79936, United States",Delilah Franco,Village Medical at Walgreens - Sandy Creek,0.9,Provider profile is within Village Medical network; only clinic at this address group is Village Medical at Walgreens - Sandy Creek,489,477.0
300 S ZARAGOZA RD EL PASO TX 79907,"300 S Zaragoza Rd, El Paso, TX 79907, United States","Esteban Gonzalez, MD",UMC - Ysleta Clinic,0.7,"Provider listed on UMC facility finder; same phone as UMC - Ysleta Clinic, which is the specific clinic at this address",450,409.0
300 S ZARAGOZA RD EL PASO TX 79907,"300 S Zaragoza Rd, El Paso, TX 79907, United States","Gladina M. See, MD",UMC - Ysleta Clinic,0.62,Same phone number as UMC - Ysleta Clinic; UMC site indicates association but clinic page not explicit,458,409.0
300 S ZARAGOZA RD EL PASO TX 79907,"300 S Zaragoza Rd, El Paso, TX 79907, United States","Leida Perez, MD",UMC - Ysleta Clinic,0.7,"Provider listed on UMC facility finder; same phone as UMC - Ysleta Clinic, which is the most specific clinic record at this address",460,409.0
3017 TRAWOOD DR EL PASO TX 79936,"3017 Trawood Dr, El Paso, TX 79936, United States","Dr. Guillermo Parra, MD",Family & Occupational Health,0.93,Same address group and identical phone number suggests the doctor practices at Family & Occupational Health,927,918.0
3022 TRAWOOD DR EL PASO TX 79936,"3022 Trawood Dr, El Paso, TX 79936, United States","Dr. Syed A. Yusoof, MD",,0.3,Provider phone does not match either clinic phone; insufficient evidence to link to a specific clinic at this address.,932,
3022 TRAWOOD DR EL PASO TX 79936,"3022 Trawood Dr, El Paso, TX 79936, United States",Agarwal Ajai MD,Montwood Family Medical Center,0.9,"Provider shares the same phone number as Montwood Family Medical Center, indicating affiliation.",935,417.0
3100 LEE TREVINO DR EL PASO TX 79936,"3100 Lee Trevino Dr, El Paso, TX 79936, United States","Mauricio Davalos, M.D.",El Paso Orthopaedic Surgery Group,0.75,Only clinic/organization record at this address group; provider likely affiliated with the orthopaedic surgery group,937,1009.0
3100 N STANTON ST STE A EL PASO TX 79902,"3100 N Stanton St Ste. A, El Paso, TX 79902, United States","Jorge Villarreal, MD",El Paso Obstetrics and Gynecology - North Stanton Street,0.93,Provider profile hosted on same practice website and shares the same phone number as the clinic listing,179,177.0
3101 FORNEY LN EL PASO TX 79935,"3101 Forney Ln, El Paso, TX 79935, United States","Dr. Manuel Borrego, MD",United Medical Clinic,0.9,"Same address group and same phone number, indicating the provider practices at United Medical Clinic.",507,415.0
3215 GATEWAY BLVD W EL PASO TX 79903,"3215 Gateway Blvd W, El Paso, TX 79903, United States",Luis Rochin,El Paso Pain Center,0.2,"Only clinic listed at this address is El Paso Pain Center, but provider website is for El Paso Primary Care, suggesting a different clinic despite shared address.",243,15.0
3270 JOE BATTLE BLVD STE 215 EL PASO TX 79938,"3270 Joe Battle Blvd Suite 215, El Paso, TX 79938, United States","Tu Cao, DO",,0.55,"Both records are individual providers; no explicit clinic/facility record included for this address group, only a health system directory page.",494,
3270 JOE BATTLE BLVD STE 215 EL PASO TX 79938,"3270 Joe Battle Blvd Suite 215, El Paso, TX 79938, United States","Peter Khalil, MD",,0.55,"Both records are individual providers; no explicit clinic/facility record included for this address group, only a health system directory page.",657,
3270 JOE BATTLE BLVD STE 275 EL PASO TX 79938,"3270 Joe Battle Blvd Suite 275, El Paso, TX 79938, United States","Maribel Serrano, MD",Advanced Center for Women's Health at Providence,0.55,Same address group; only listed clinic at this address is Advanced Center for Women's Health at Providence (phone differs but no other clinic provided),523,383.0
3270 JOE BATTLE BLVD STE 275 EL PASO TX 79938,"3270 Joe Battle Blvd Suite 275, El Paso, TX 79938, United States","Violet Maldonado, MD",Advanced Center for Women's Health at Providence,0.92,Provider shares the same phone number (915-271-4600) and address group with the clinic,951,383.0
3270 JOE BATTLE BLVD STE 275 EL PASO TX 79938,"3270 Joe Battle Blvd Suite 275, El Paso, TX 79938, United States","Jennifer Weidner, MD",Advanced Center for Women's Health at Providence,0.92,Provider shares the same phone number (915-271-4600) and address group with the clinic,952,383.0
3329 MONTANA AVE EL PASO TX 79903,"3329 Montana Ave, El Paso, TX 79903, United States","Dr. Rafael Armendariz Sr, MD","Salud y Vida, P.A.",0.9,"Provider website is saludyvidapa.com, matching Salud y Vida, P.A.",238,206.0
3379 WEDGEWOOD DR STE C EL PASO TX 79925,"3379 Wedgewood Dr STE C, El Paso, TX 79925, United States",Villalobos Victor M MD,Mt. West Family Health Center,0.9,Provider shares the same phone number as Mt. West Family Health Center at this address.,405,161.0
3551 RICH BEEM BLVD STE C EL PASO TX 79938,"3551 Rich Beem Blvd ste c, El Paso, TX 79938, United States",Victor Villalobos,Mt. West Family Health Center,0.94,Provider record shares the same phone number as Mt. West Family Health Center at this address.,954,144.0
3607 RIVERA AVE EL PASO TX 79905,"3607 Rivera Ave, El Paso, TX 79905, United States","Dr. Luis R. Garza, MD",,0.25,No explicit clinic/facility record in this address group; only a possible clinic website domain (pvida.net) but not enough to identify a specific clinic entity here.,96,
3607 RIVERA AVE EL PASO TX 79905,"3607 Rivera Ave, El Paso, TX 79905, United States","Dr. Luis L. Rodriguez, MD",,0.3,No clinic/facility record provided for this address group to link to.,365,
3913 BROADDUS AVE EL PASO TX 79904,"3913 Broaddus Ave, El Paso, TX 79904, United States",Mustafa Moazam MD,Healthy Horizons Clinic,0.97,Shares same phone number and clinic website/domain as Healthy Horizons Clinic,304,290.0
3913 BROADDUS AVE EL PASO TX 79904,"3913 Broaddus Ave, El Paso, TX 79904, United States",Dr. Bazil- Mieses,Healthy Horizons Clinic,0.9,Shares the same phone number as Healthy Horizons Clinic at the same address,699,290.0
400 SHADOW MOUNTAIN DR EL PASO TX 79912,"400 Shadow Mountain Dr, El Paso, TX 79912, United States",Dr. Rafael Armendariz,Salud Y Vida P.a.,0.92,Provider and clinic share the same phone number and website at this address,319,602.0
4301 N MESA ST UNIT 101 EL PASO TX 79902,"4301 N Mesa St UNIT 101, El Paso, TX 79902, United States","Daniel Ortiz, MD",,0.6,No clinic/facility record provided in this address group; website indicates Cardiology Care physicians but clinic entity not listed.,189,
4301 N MESA ST UNIT 101 EL PASO TX 79902,"4301 N Mesa St UNIT 101, El Paso, TX 79902, United States","Adebayo Olusanya, MD",,0.6,No clinic/facility record provided in this address group; website indicates Cardiology Care physicians but clinic entity not listed.,191,
4305 N MESA ST STE B EL PASO TX 79902,"4305 N Mesa St Ste B, El Paso, TX 79902, United States",El Paso Pulmonary Association: Hatem Carlo M MD,El Paso Pulmonary Association,0.9,"Provider listing is explicitly branded as 'El Paso Pulmonary Association: Hatem Carlo M MD' and uses the association's website/domain, indicating affiliation with the association clinic at this address.",1010,1011.0
4532 N MESA ST STE 2A EL PASO TX 79912,"4532 N Mesa St Ste 2A, El Paso, TX 79912, United States","Edward Sebastian Leyva, MD",WellMed at North Mesa,0.95,Same phone number and both are WellMed pages for the same location/address group.,1028,514.0
4545 N MESA ST EL PASO TX 79912,"4545 N Mesa St, El Paso, TX 79912, United States",Luis Rochin,El Paso Primary Care,0.97,Same phone number and same clinic domain; provider page hosted on El Paso Primary Care site.,403,1.0
4646 N MESA ST EL PASO TX 79912,"4646 N Mesa St, El Paso, TX 79912, United States","Ikechukwu Ifeanyi Onyedika, MD",Orthopaedic Surgeons Associates,0.72,Same address group and phone number; clinic appears to be the orthopedic practice at this location.,1006,1000.0
4646 N MESA ST EL PASO TX 79912,"4646 N Mesa St, El Paso, TX 79912, United States","Thomas Alost, MD",Orthopaedic Surgeons Associates,0.72,Same address group and phone number; clinic appears to be the orthopedic practice at this location.,1007,1000.0
4800 ALBERTA AVE EL PASO TX 79905,"4800 Alberta Ave, El Paso, TX 79905, United States","Dr. Pedro Serrato, MD",Texas Tech Physicians-El Paso: Loflin James R MD,0.72,Only clinic/organization in group is Texas Tech Physicians-El Paso; phone numbers share 915-545-xxxx pattern consistent with same facility,362,364.0
4800 ALBERTA AVE EL PASO TX 79905,"4800 Alberta Ave, El Paso, TX 79905, United States","Dr. Sergio B. Chavez, MD",Texas Tech Physicians-El Paso: Loflin James R MD,0.72,Only clinic/organization in group is Texas Tech Physicians-El Paso; provider phone aligns with same exchange,375,364.0
4800 ALBERTA AVE EL PASO TX 79905,"4800 Alberta Ave, El Paso, TX 79905, United States",Porres Aguilar Mateo MD,Texas Tech Physicians-El Paso: Loflin James R MD,0.9,Provider record uses texastechphysicians.com which matches Texas Tech Physicians-El Paso,493,364.0
4800 ALBERTA AVE EL PASO TX 79905,"4800 Alberta Ave, El Paso, TX 79905, United States",Aeschbach Walter MD,Texas Tech Physicians-El Paso: Loflin James R MD,0.7,No other clinic listed at this address; likely affiliated with Texas Tech Physicians-El Paso,526,364.0
4800 ALBERTA AVE EL PASO TX 79905,"4800 Alberta Ave, El Paso, TX 79905, United States","Dr. Cenan M. Antowan, MD",Texas Tech Physicians-El Paso: Loflin James R MD,0.72,Only clinic/organization in group is Texas Tech Physicians-El Paso; provider phone aligns with same exchange,712,364.0
4800 ALBERTA AVE EL PASO TX 79905,"4800 Alberta Ave, El Paso, TX 79905, United States",Salloum Hassan MD,Texas Tech Physicians-El Paso: Loflin James R MD,0.65,Only clinic/organization in group is Texas Tech Physicians-El Paso; linkage inferred by shared address though phone differs,978,364.0
4800 ALBERTA AVE EL PASO TX 79905,"4800 Alberta Ave, El Paso, TX 79905, United States","Dr. David A. Paez Fernandez, MD",Texas Tech Physicians-El Paso: Loflin James R MD,0.72,Only clinic/organization in group is Texas Tech Physicians-El Paso; provider phone aligns with same exchange,1001,364.0
4801 ALBERTA AVE EL PASO TX 79905,"4801 Alberta Ave, El Paso, TX 79905, United States","Dr. Ma Theresa M. Villanos, MD",Texas Tech Physicians of El Paso,0.55,Provider listed at same address group; best overarching clinic entity is Texas Tech Physicians of El Paso; specialty not provided to link to a specific department.,367,32.0
4801 ALBERTA AVE EL PASO TX 79905,"4801 Alberta Ave, El Paso, TX 79905, United States","Dr. Matthew N. Graber, MD",Texas Tech Physicians of El Paso,0.55,Provider listed at same address group; best overarching clinic entity is Texas Tech Physicians of El Paso; specialty not provided to link to a specific department.,980,32.0
4815 ALAMEDA AVE EL PASO TX 79905,"4815 Alameda Ave, El Paso, TX 79905, United States","Dr. Jose A. Lopez, MD",University Medical Center of El Paso,0.78,Provider record uses UMC website and a UMC-associated phone; best match is main University Medical Center,202,11.0
4815 ALAMEDA AVE EL PASO TX 79905,"4815 Alameda Ave, El Paso, TX 79905, United States","Dr. Enrique Gonzalez, MD",University Medical Center Ysleta,0.72,Provider phone matches UMC Ysleta phone number (915-790-5700),355,377.0
4815 ALAMEDA AVE EL PASO TX 79905,"4815 Alameda Ave, El Paso, TX 79905, United States",Dr. Remi Trien,University Medical Center of El Paso,0.4,No website tie; linked to primary facility at the shared address,358,11.0
4815 ALAMEDA AVE EL PASO TX 79905,"4815 Alameda Ave, El Paso, TX 79905, United States",Dr. Russell Baker,University Medical Center of El Paso,0.4,No website tie; linked to primary facility at the shared address,360,11.0
4815 ALAMEDA AVE EL PASO TX 79905,"4815 Alameda Ave, El Paso, TX 79905, United States","Dr. Raul Carrillo, MD",University Medical Center of El Paso,0.78,Provider record uses UMC website and same clinic phone group (915-545-7333); best match is main UMC,366,11.0
4815 ALAMEDA AVE EL PASO TX 79905,"4815 Alameda Ave, El Paso, TX 79905, United States","Dr. Shawnna L. Kifer, MD",University Medical Center of El Paso,0.78,Provider record uses UMC website and same clinic phone group (915-545-7333); best match is main UMC,368,11.0
4815 ALAMEDA AVE EL PASO TX 79905,"4815 Alameda Ave, El Paso, TX 79905, United States","Dr. Tex P. Cabaniss, MD",University Medical Center of El Paso,0.78,Provider record uses UMC website and same clinic phone group (915-545-7333); best match is main UMC,371,11.0
4815 ALAMEDA AVE EL PASO TX 79905,"4815 Alameda Ave, El Paso, TX 79905, United States",Dr. Alba Nevarez,University Medical Center Ysleta,0.72,Provider phone matches UMC Ysleta phone number (915-790-5700),373,377.0
4815 ALAMEDA AVE EL PASO TX 79905,"4815 Alameda Ave, El Paso, TX 79905, United States",Sebesta Sean MD,University Medical Center of El Paso,0.78,Provider record uses UMC website and same clinic phone group (915-545-7333); best match is main UMC,376,11.0
4815 ALAMEDA AVE EL PASO TX 79905,"4815 Alameda Ave, El Paso, TX 79905, United States",Loflin James R MD,University Medical Center of El Paso,0.55,UMC website present; phone does not match Ysleta; linked to main UMC as best overall match,492,11.0
4815 ALAMEDA AVE EL PASO TX 79905,"4815 Alameda Ave, El Paso, TX 79905, United States","Dr. Cesar A. Dias, MD",University Medical Center of El Paso,0.78,Provider record uses UMC website and same clinic phone group (915-545-7333); best match is main UMC,496,11.0
4875 MAXWELL AVE EL PASO TX 79904,"4875 Maxwell Ave, El Paso, TX 79904, United States","Dr. Benson Chee, MD",Project Vida - Northeast Health Center,0.62,"Same address group; no stronger direct match to Northeast Family Practice based on phone/website, and Project Vida is the clearly identified facility.",307,289.0
4875 MAXWELL AVE EL PASO TX 79904,"4875 Maxwell Ave, El Paso, TX 79904, United States",Dr. Oscar Noriega,Project Vida - Northeast Health Center,0.7,Shares phone number with Sandra Villavicencio (915-313-9908) within the same address group; linked to the main identified health center at this address.,311,289.0
4875 MAXWELL AVE EL PASO TX 79904,"4875 Maxwell Ave, El Paso, TX 79904, United States","Sandra Villavicencio, MD",Project Vida - Northeast Health Center,0.7,Shares phone number with Dr. Oscar Noriega (915-313-9908) within the same address group; linked to the main identified health center at this address.,329,289.0
494 N KENAZO AVE STE I HORIZON CITY TX 79928,"494 N Kenazo Ave Suite I, Horizon City, TX 79928, United States",Diana Escobedo,St. Andrew's Family Medicine Clinic,0.95,Same phone number and same clinic website domain; provider bio page hosted on clinic site.,852,485.0
500 PEYTON HILLS DR STE A EL PASO TX 79928,"500 Peyton Hills Dr Suite A, El Paso, TX 79928, United States","Jose A Marin, MD, PA",Transmountain Primary Care,0.9,Same phone number and matching tmprimarycare.com domain indicate provider belongs to Transmountain Primary Care,314,305.0
5001 EL PASO DR EL PASO TX 79905,"5001 El Paso Dr, El Paso, TX 79905, United States",Woods Gordon L MD,Texas Tech University Health Sciences Center El Paso,0.42,Only clear healthcare facility at this address is TTUHSC El Paso; provider phone differs from TTUHSC main line so linkage is tentative,969,109.0
5001 EL PASO DR EL PASO TX 79905,"5001 El Paso Dr, El Paso, TX 79905, United States","Dr. Nassim Akle, MD",Texas Tech University Health Sciences Center El Paso,0.45,Provider listed at same address group; TTUHSC El Paso is the most plausible clinic entity among records,1023,109.0
5001 EL PASO DR EL PASO TX 79905,"5001 El Paso Dr, El Paso, TX 79905, United States",Sandroni Stephen E MD,Texas Tech University Health Sciences Center El Paso,0.42,Only clear healthcare facility at this address is TTUHSC El Paso; provider phone differs from TTUHSC main line so linkage is tentative,1039,109.0
5001 N PIEDRAS ST EL PASO TX 79930,"5001 N Piedras St, El Paso, TX 79930, United States","Dr. Tomas H. Aguilar, MD",El Paso VA Medical Center,0.9,Provider shares the same address group and phone number matches VA medical center line extension pattern,863,288.0
5005 N PIEDRAS ST EL PASO TX 79920,"5005 N Piedras St, El Paso, TX 79920, United States",Molina Melissa A MD,,0.85,All records appear to be individual clinicians; no clinic/facility entity listed for this address group,310,
5005 N PIEDRAS ST EL PASO TX 79920,"5005 N Piedras St, El Paso, TX 79920, United States","Dr. Joseph R. Hsu, MD",,0.85,All records appear to be individual clinicians; no clinic/facility entity listed for this address group,722,
5005 N PIEDRAS ST EL PASO TX 79920,"5005 N Piedras St, El Paso, TX 79920, United States","Dr. Jason B. Andres, DO",,0.85,All records appear to be individual clinicians; no clinic/facility entity listed for this address group,723,
5005 N PIEDRAS ST EL PASO TX 79920,"5005 N Piedras St, El Paso, TX 79920, United States",Owens Brett D MD,,0.85,All records appear to be individual clinicians; no clinic/facility entity listed for this address group,724,
5005 N PIEDRAS ST EL PASO TX 79920,"5005 N Piedras St, El Paso, TX 79920, United States",Gomez Lorena MD,,0.85,All records appear to be individual clinicians; no clinic/facility entity listed for this address group,808,
5005 N PIEDRAS ST EL PASO TX 79920,"5005 N Piedras St, El Paso, TX 79920, United States",Dehqanzada Zia A MD,,0.85,All records appear to be individual clinicians; no clinic/facility entity listed for this address group,809,
5005 N PIEDRAS ST EL PASO TX 79920,"5005 N Piedras St, El Paso, TX 79920, United States",Clifford Rebekah H MD,,0.85,All records appear to be individual clinicians; no clinic/facility entity listed for this address group,968,
5005 N PIEDRAS ST EL PASO TX 79920,"5005 N Piedras St, El Paso, TX 79920, United States",Lagarza Albert D MD,,0.85,All records appear to be individual clinicians; no clinic/facility entity listed for this address group,1002,
501 N YARBROUGH DR STE B EL PASO TX 79915,"501 N Yarbrough Dr Ste B, El Paso, TX 79915, United States","Mauricio Ernesto Jimenez, MD",WellMed at Lower Valley,0.97,Same address group/phone and WellMed provider profile indicates affiliation with the listed WellMed location,254,258.0
501 N YARBROUGH DR STE B EL PASO TX 79915,"501 N Yarbrough Dr Ste B, El Paso, TX 79915, United States","Danny Danise Anchondo, MD",WellMed at Lower Valley,0.97,Same address group/phone and WellMed provider profile indicates affiliation with the listed WellMed location,522,258.0
501 N YARBROUGH DR STE B EL PASO TX 79915,"501 N Yarbrough Dr Ste B, El Paso, TX 79915, United States","Albert Christopher Torres, NP",WellMed at Lower Valley,0.97,Same address group/phone and WellMed provider profile indicates affiliation with the listed WellMed location,525,258.0
5100 E PAISANO DR EL PASO TX 79905,"5100 E Paisano Dr, El Paso, TX 79905, United States","Katherine C Genrich, MD",WellMed at Paisano,0.93,Same phone number and both are WellMed pages for the Paisano location/address.,491,250.0
5115 EL PASO DR B EL PASO TX 79905,"5115 El Paso Dr # B, El Paso, TX 79905, United States",Magana Jorge C,El Paso Health Department-Std Clinic,0.8,Only one clinic/facility record at this address group; provider likely practices/associated there.,1035,160.0
5160 EL PASO DR EL PASO TX 79905,"5160 El Paso Dr, El Paso, TX 79905, United States",Dr. Lorena Gomez,WellMed at El Paso Drive,0.93,Provider shares the same address group and phone number as the WellMed clinic location.,262,151.0
5160 EL PASO DR EL PASO TX 79905,"5160 El Paso Dr, El Paso, TX 79905, United States",Dr. Sonia Alvarez,WellMed at El Paso Drive,0.93,Provider shares the same address group and phone number as the WellMed clinic location.,354,151.0
5400 ALAMEDA AVE STE A EL PASO TX 79905,"5400 Alameda Ave Suite A, El Paso, TX 79905, United States","Daniela Pino, MD",UMC Healthcare Partners Obstetrics and Gynecology Alameda,0.95,Provider listed with same phone and same UMC OBGYN Alameda clinic webpage as the clinic record.,370,343.0
5400 ALAMEDA AVE STE A EL PASO TX 79905,"5400 Alameda Ave Suite A, El Paso, TX 79905, United States","Antonio Romo de Vivar Chavez, MD",UMC Healthcare Partners Obstetrics and Gynecology Alameda,0.95,Provider listed with same phone and same UMC OBGYN Alameda clinic webpage as the clinic record.,374,343.0
5401 MONTANA AVE B EL PASO TX 79903,"5401 Montana Ave B, El Paso, TX 79903, United States","Marilyn Julian, MD",Village Medical at Walgreens - Timber Wolf,0.9,"Shares the same phone number as the Village Medical location, suggesting affiliation",225,155.0
5401 MONTANA AVE B EL PASO TX 79903,"5401 Montana Ave B, El Paso, TX 79903, United States","Jose-Ruben Ayala, MD",Village Medical at Walgreens - Timber Wolf,0.95,VillageMedical provider-profile page and shared phone/address group indicate the same clinic location,226,155.0
5401 MONTANA AVE B EL PASO TX 79903,"5401 Montana Ave B, El Paso, TX 79903, United States","Humberto Saenz, MD",Village Medical at Walgreens - Timber Wolf,0.92,VillageMedical provider-profile page matches the same address group; likely practices at this location,230,155.0
550 S MESA HILLS DR C-3 EL PASO TX 79912,"550 S Mesa Hills Dr C-3, El Paso, TX 79912, United States","Alejandro Ovalle, MD",Village Medical - South Mesa Hills,0.96,Provider profile is on villagemedical.com and shares the same phone/address group as the Village Medical location,256,20.0
550 S MESA HILLS DR C-3 EL PASO TX 79912,"550 S Mesa Hills Dr C-3, El Paso, TX 79912, United States","Luis Guerra, MD",Village Medical - South Mesa Hills,0.96,Provider profile is on villagemedical.com and shares the same phone/address group as the Village Medical location,259,20.0
550 S MESA HILLS DR C-3 EL PASO TX 79912,"550 S Mesa Hills Dr C-3, El Paso, TX 79912, United States",Lauren Katada,Village Medical - South Mesa Hills,0.6,Same address group; only clear clinic entity present is Village Medical - South Mesa Hills,976,20.0
550 S MESA HILLS DR STE C-2 EL PASO TX 79912,"550 S Mesa Hills Dr suite C-2, El Paso, TX 79912, United States",Escandon C Georgina MD,"myWELLNESS -- Dr Douglas Payne, MD & Dr CG Escandon, MD",0.86,"Clinic record explicitly includes 'Dr CG Escandon, MD' as part of the practice.",619,631.0
550 S MESA HILLS DR STE E-1 EL PASO TX 79912,"550 S Mesa Hills Dr Suite E-1, El Paso, TX 79912, United States","Jose Zamudio, MD",Advanced Center for Women's Health at Providence,0.9,Same address group and same phone number; provider appears affiliated with Providence women's health partners.,625,610.0
5959 GATEWAY BLVD W 160 EL PASO TX 79925,"5959 Gateway Blvd W # 160, El Paso, TX 79925, United States",Lozano Hector MD,"CGN El Paso Ear, Nose and Throat PLLC",0.92,Provider shares the same phone number and website as the ENT clinic entity.,959,235.0
6000 NORTHERN PASS DR STE B EL PASO TX 79912,"6000 Northern Pass Dr Suite B, El Paso, TX 79912, United States","Dr. Naima Khamsi, MD",Her Health OB/GYN & Fertility Center,0.97,Provider and clinic share the same phone number and address group,181,559.0
6024 AZTEC RD EL PASO TX 79925,"6024 Aztec Rd, El Paso, TX 79925, United States",Carlos M Remirez,R E Medical Associates,0.83,"Provider and clinic share the same phone number, indicating the provider practices at the clinic.",398,222.0
6065 MONTANA AVE C10 EL PASO TX 79925,"6065 Montana Ave # C10, El Paso, TX 79925, United States","Dr. Gabriela Hunko, MD",Montana Physicians Clinic,0.95,Same address group and same phone number as Montana Physicians Clinic,233,207.0
6065 MONTANA AVE C10 EL PASO TX 79925,"6065 Montana Ave # C10, El Paso, TX 79925, United States",Mehta Nilesh MD,Montana Physicians Clinic,0.92,Same address group and same phone number; website domain (mpcelpaso.com) aligns with Montana Physicians Clinic,399,207.0
6151 DEW DR 410 EL PASO TX 79912,"6151 Dew Dr # 410, El Paso, TX 79912, United States","Dr. Victor M. Villalobos, MD",Mt. West Family Health Center,0.92,Provider shares the same phone number as Mt. West Family Health Center at this address.,317,148.0
6320 GTWY BLVD E EL PASO TX 79905,"6320 Gtwy Blvd E, El Paso, TX 79905, United States","Dr. Rohitkumar S. Patel, MD",Concentra Urgent Care,0.93,Same address group and identical phone number as Concentra Urgent Care.,200,138.0
6320 GTWY BLVD E EL PASO TX 79905,"6320 Gtwy Blvd E, El Paso, TX 79905, United States","Dr. Ashit I. Saheba, MD",Concentra Urgent Care,0.93,Same address group and identical phone number as Concentra Urgent Care.,401,138.0
6600 N DESERT BLVD EL PASO TX 79912,"6600 N Desert Blvd, El Paso, TX 79912, United States","Rolando Lindo Jr., MD",UMC - West Clinic,0.72,Provider shares main phone and is listed under UMC facility; best match is the specific UMC West location page.,572,420.0
6600 N DESERT BLVD EL PASO TX 79912,"6600 N Desert Blvd, El Paso, TX 79912, United States","Tanaya Nayak, MD",UMC - West Clinic,0.72,Provider shares main phone and is listed under UMC facility; best match is the specific UMC West location page.,573,420.0
6600 N DESERT BLVD EL PASO TX 79912,"6600 N Desert Blvd, El Paso, TX 79912, United States","Iris Tomas, MD",UMC - West Clinic,0.72,Provider shares main phone and is listed under UMC facility; best match is the specific UMC West location page.,578,420.0
6600 N DESERT BLVD EL PASO TX 79912,"6600 N Desert Blvd, El Paso, TX 79912, United States","Jesus Alonzo, MD",UMC - West Clinic,0.72,Provider shares main phone and is listed under UMC facility; best match is the specific UMC West location page.,582,420.0
6600 N DESERT BLVD EL PASO TX 79912,"6600 N Desert Blvd, El Paso, TX 79912, United States","Jose Luis Aguirre, MD",UMC - West Clinic,0.72,Provider shares main phone and is listed under UMC facility; best match is the specific UMC West location page.,587,420.0
6898 DONIPHAN DR A CANUTILLO TX 79835,"6898 Doniphan Dr A, Canutillo, TX 79835, United States",Tyson Sam MD,West Valley Clinic,0.93,Same address group and identical phone number; clinic record present.,509,503.0
6974 GTWY BLVD E F EL PASO TX 79915,"6974 Gtwy Blvd E F, El Paso, TX 79915, United States",Dr. Rafael Armendariz,Salud Y Vida,0.91,"Same phone number and same practice domain (saludyvidapa.com), indicating the doctor practices at Salud Y Vida.",664,661.0
700 S OCHOA ST EL PASO TX 79901,"700 S Ochoa St, El Paso, TX 79901, United States",Dr. Juan Loya,"Centro De Salud Familiar La Fe, Inc.",0.78,Provider at same address; best match is the primary La Fe health center entity rather than the specific WIC program.,490,2.0
7100 WESTWIND DR STE 120 EL PASO TX 79912,"7100 Westwind Dr STE 120, El Paso, TX 79912, United States",Dr. Jose Loaiza,The Healing Space Family and Integrative Medicine,0.25,Same address group only; no shared phone/website provided for Dr. Jose Loaiza,576,584.0
7100 WESTWIND DR STE 120 EL PASO TX 79912,"7100 Westwind Dr STE 120, El Paso, TX 79912, United States","Ana Arroyave, MD",The Healing Space Family and Integrative Medicine,0.96,Shares same phone number and same domain/website with The Healing Space clinic record,579,584.0
7362 REMCON CIR EL PASO TX 79912,"7362 Remcon Cir, El Paso, TX 79912, United States",Dr. Abioye Growtherapy Psychiatric Services,Tri-crowns Holistic Healthcare,0.4,Only clear clinic-like entity at this address group is Tri-crowns Holistic Healthcare; provider listing otherwise standalone.,642,640.0
7430 REMCON CIR BLDG A EL PASO TX 79912,"7430 Remcon Cir Bldg A, El Paso, TX 79912, United States","Liliana Zuniga, MD",WellMed at Remcon,0.87,Provider profile is on WellMed doctors site and shares the same address group as 'WellMed at Remcon'.,508,291.0
7450 REMCON CIR EL PASO TX 79912,"7450 Remcon Cir, El Paso, TX 79912, United States",Dr. Michael Gutierrez M.D.,,0.55,Both records are individual providers; no explicit clinic record is present in this address group (only provider pages on elpasocardio.com).,622,
7450 REMCON CIR EL PASO TX 79912,"7450 Remcon Cir, El Paso, TX 79912, United States",Dr. Michael J. DeLuca MD,,0.55,Both records are individual providers; no explicit clinic record is present in this address group (only provider pages on elpasocardio.com).,633,
7500 N MESA ST 210 EL PASO TX 79912,"7500 N Mesa St #210, El Paso, TX 79912, United States",Dr. Emmanuel Anekwe,Arteries and Veins,0.96,Provider profile hosted on arteriesveins.com and shares phone/address group with Arteries and Veins,648,641.0
7500 N MESA ST 210 EL PASO TX 79912,"7500 N Mesa St #210, El Paso, TX 79912, United States",Dr. Samer Koussayer,Arteries and Veins,0.96,Provider team page hosted on arteriesveins.com and associated with Arteries and Veins clinic,650,641.0
7812 GTWY BLVD E 230 EL PASO TX 79915,"7812 Gtwy Blvd E # 230, El Paso, TX 79915, United States","Dr. Eduardo Dejesus-Perdomo, MD",Valley Medical Clinic,0.93,Same address group and same phone number as Valley Medical Clinic,679,418.0
7812 GTWY BLVD E 230 EL PASO TX 79915,"7812 Gtwy Blvd E # 230, El Paso, TX 79915, United States","Dr. Manuel J. Palafox, DO",Valley Medical Clinic,0.93,Same address group and same phone number as Valley Medical Clinic,690,418.0
7812 GTWY BLVD E EL PASO TX 79915,"7812 Gtwy Blvd E, El Paso, TX 79915, United States","Dr. Kenyon R. Behrens, DO",,0.2,No clinic/facility record provided for this address group; cannot confidently link provider to a specific clinic.,676,
7812 GTWY BLVD E EL PASO TX 79915,"7812 Gtwy Blvd E, El Paso, TX 79915, United States","Dr. Cesar R. Calianga, MD",,0.2,No clinic/facility record provided for this address group; cannot confidently link provider to a specific clinic.,753,
7878 GTWY BLVD E STE 402 EL PASO TX 79915,"7878 Gtwy Blvd E Suite 402, El Paso, TX 79915, United States","Kendrick Thomas, MD","West Texas Pain Institute: Raul Lopez, MD",0.9,"Both records use the West Texas Pain Institute website and share the same address, indicating the provider practices at that clinic.",682,675.0
8041 N MESA ST STE B2 EL PASO TX 79932,"8041 N Mesa St Ste B2, El Paso, TX 79932, United States",Tracy Short,Country Club Urgent Care Center,0.78,Only clinic entity at this shared address; provider likely affiliated with the urgent care center.,532,137.0
8045 N LOOP DR STE A EL PASO TX 79915,"8045 N Loop Dr Ste A, El Paso, TX 79915, United States","Diego De la Mora, MD",Village Medical at Walgreens - Mission Valley,0.97,Provider profile on Village Medical and shared phone/address group matches Village Medical at Walgreens - Mission Valley location.,176,183.0
8061 ALAMEDA AVE EL PASO TX 79915,"8061 Alameda Ave, El Paso, TX 79915, United States","Dr. Jose Luna Jr, MD",Centro San Vicente,0.92,Same address/phone; clinic 'Centro San Vicente' is the primary organization for this site,93,43.0
8061 ALAMEDA AVE EL PASO TX 79915,"8061 Alameda Ave, El Paso, TX 79915, United States","Dr. Cesar E. Maldonado, MD",Centro San Vicente,0.95,Provider record uses sanvicente.org and shares phone with Centro San Vicente,454,43.0
8061 ALAMEDA AVE EL PASO TX 79915,"8061 Alameda Ave, El Paso, TX 79915, United States","Dr. Angela S. Jones-Allen, MD",Centro San Vicente,0.92,Same address/phone; best matching clinic is Centro San Vicente,673,43.0
8061 ALAMEDA AVE EL PASO TX 79915,"8061 Alameda Ave, El Paso, TX 79915, United States","Dr. Ulysses J. Urquidi, MD",Centro San Vicente,0.95,Provider record uses sanvicente.org and shares phone with Centro San Vicente,674,43.0
8269 N LOOP DR EL PASO TX 79907,"8269 N Loop Dr, El Paso, TX 79907, United States",Candelaria Medical Center: Claros Edith MD,Candelaria Medical Center,0.93,Record explicitly lists provider 'Claros Edith MD' under Candelaria Medical Center and shares the same phone number.,275,228.0
8269 N LOOP DR EL PASO TX 79907,"8269 N Loop Dr, El Paso, TX 79907, United States","Dr. Blas A. Miranda, MD",Candelaria Medical Center,0.85,"Same address group and identical phone number as Candelaria Medical Center, indicating affiliation.",451,228.0
840 E REDD RD BLDG 2 EL PASO TX 79912,"840 E Redd Rd Bldg 2, El Paso, TX 79912, United States",Dr. Juan Perez,"El Paso Wellness and Healthcare Center, P.A. Juan R Perez, M.D. WEST",0.86,"Same address group; clinic record includes 'Juan R Perez, M.D.' and provider is 'Dr. Juan Perez' with similar phone numbers",83,66.0
840 E REDD RD EL PASO TX 79912,"840 E Redd Rd, El Paso, TX 79912, United States","Dr. Octvaio E. Gutierrez, MD",Hillside Primary Care,0.46,Same address group but different phone numbers and no website for provider; linking to the only identified clinic at this address.,515,162.0
8500 BOEING DR EL PASO TX 79925,"8500 Boeing Dr, El Paso, TX 79925, United States","Dr. Gerardo J. Moreira, MD",CHAMPS CLINIC EMERGENCE HEALTH,0.76,"Provider shares the same phone number (915-629-2665) as CHAMPS CLINIC EMERGENCE HEALTH, indicating direct association.",511,504.0
8500 BOEING DR EL PASO TX 79925,"8500 Boeing Dr, El Paso, TX 79925, United States",Gaytan Jr Osvaldo MD,CHAMPS CLINIC EMERGENCE HEALTH,0.76,"Provider shares the same phone number (915-629-2665) as CHAMPS CLINIC EMERGENCE HEALTH, indicating direct association.",512,504.0
8500 BOEING DR EL PASO TX 79925,"8500 Boeing Dr, El Paso, TX 79925, United States","Dr. Eugenio Chavez-Rice, MD",CHAMPS CLINIC EMERGENCE HEALTH,0.76,"Provider shares the same phone number (915-629-2665) as CHAMPS CLINIC EMERGENCE HEALTH, indicating direct association.",513,504.0
9398 VISCOUNT BLVD STE 4-C EL PASO TX 79925,"9398 Viscount Blvd Suite 4-C, El Paso, TX 79925, United States",Dr. Benjamin Gonzalez MD,Family Medicine Associates of El Paso,0.93,Provider shares the same phone number and website domain as Family Medicine Associates of El Paso.,671,171.0
9411 DYER ST STE B EL PASO TX 79924,"9411 Dyer St suite b, El Paso, TX 79924, United States","Caleb Janosz, MD",1st Med,0.92,Provider shares the same phone number and website as 1st Med at this address,302,245.0
9555 DIANA DR EL PASO TX 79924,"9555 Diana Dr, El Paso, TX 79924, United States","Dr. Alex F. Salazar, MD",El Paso Provider Group,0.75,"Provider and El Paso Provider Group share the same phone number, indicating affiliation",330,718.0
9740 DYER ST EL PASO TX 79924,"9740 Dyer St, El Paso, TX 79924, United States",Dr. Linda K. Velasquez,Northeast Family Clinic and Pediatrics,0.94,"Provider shares the same phone number as the clinic, indicating affiliation at this address.",784,279.0
9839 KENWORTHY ST EL PASO TX 79924,"9839 Kenworthy St, El Paso, TX 79924, United States","Juan Castillo, MD",UMC - Northeast Clinic,0.67,Provider listed on UMC 'find-a-facility' and shares the Northeast site phone prefix; most likely associated with the general Northeast Clinic rather than the specific rehabilitation department.,785,110.0
9849 KENWORTHY ST EL PASO TX 79924,"9849 Kenworthy St, El Paso, TX 79924, United States","Dr. Jennifer C. Molokwu, MD",Texas Tech Physicians of El Paso at Kenworthy,0.6,Provider record grouped at same address; best overall matching facility is Texas Tech Physicians of El Paso at Kenworthy,303,129.0
9849 KENWORTHY ST EL PASO TX 79924,"9849 Kenworthy St, El Paso, TX 79924, United States",Martin Charmaine MD,Texas Tech Physicians of El Paso at Kenworthy,0.75,Same phone number (915-215-5500) as Texas Tech Physicians at Kenworthy,313,129.0
9849 KENWORTHY ST EL PASO TX 79924,"9849 Kenworthy St, El Paso, TX 79924, United States","Dr. Lorenzo B. Aragon, MD",Texas Tech Family And Community Medicine - El Paso Family Medicine Clinics,0.86,Website points to TTUHSC family medicine faculty; best match is Texas Tech Family and Community Medicine clinic listing,315,294.0
9849 KENWORTHY ST EL PASO TX 79924,"9849 Kenworthy St, El Paso, TX 79924, United States",Dr. Jaime I. Jaraba,Texas Tech Physicians of El Paso at Kenworthy,0.74,Shares main clinic phone (915-215-5500) and TTUHSC site; aligns with Texas Tech Physicians Kenworthy location,773,129.0
9849 KENWORTHY ST EL PASO TX 79924,"9849 Kenworthy St, El Paso, TX 79924, United States",Katherine Hartl,Texas Tech Physicians of El Paso at Kenworthy,0.7,Shares main phone (915-215-5500); likely affiliated with the Kenworthy Texas Tech Physicians location,783,129.0
9849 KENWORTHY ST EL PASO TX 79924,"9849 Kenworthy St, El Paso, TX 79924, United States","Dr. Oscar A. Noriega, MD",Texas Tech Physicians of El Paso at Kenworthy,0.74,Texas Tech affiliation (ttuhsc.edu) and same address group; best match is the Kenworthy Texas Tech Physicians location,787,129.0
9849 KENWORTHY ST EL PASO TX 79924,"9849 Kenworthy St, El Paso, TX 79924, United States",Texas Tech Family Practice: Lopez Hector M MD,Texas Tech Family And Community Medicine - El Paso Family Medicine Clinics,0.62,Label 'Texas Tech Family Practice' suggests family medicine; best match is the Texas Tech Family and Community Medicine clinic entity,788,294.0
9849 KENWORTHY ST EL PASO TX 79924,"9849 Kenworthy St, El Paso, TX 79924, United States","Dr. Navkiran K. Shokar, MD",Texas Tech Family And Community Medicine - El Paso Family Medicine Clinics,0.68,Physician in same family medicine address group; best matching clinic entity is Texas Tech Family and Community Medicine,789,294.0
9849 KENWORTHY ST EL PASO TX 79924,"9849 Kenworthy St, El Paso, TX 79924, United States",Castellon Danelia MD,Texas Tech Family And Community Medicine - El Paso Family Medicine Clinics,0.68,Shares phone (915-757-3178) with another family-medicine-coded provider in group; best match is Texas Tech Family and Community Medicine clinic entity,791,294.0
9963 ALAMEDA AVE A SOCORRO TX 79927,"9963 Alameda Ave A, Socorro, TX 79927, United States","Dr. Adrian O. Ugarte, MD",Medicine Clinic,0.92,Provider shares the same phone number as the clinic at this address.,831,813.0
9999 KENWORTHY ST B EL PASO TX 79924,"9999 Kenworthy St B, El Paso, TX 79924, United States",Dr. Roger Bidondo Gil,Northeast Medical Plaza,0.6,Only clinic-like entity at this address is 'Northeast Medical Plaza'; likely the building/location for providers,327,766.0
9999 KENWORTHY ST B EL PASO TX 79924,"9999 Kenworthy St B, El Paso, TX 79924, United States",Dr. Jaime Quesada,Northeast Medical Plaza,0.6,Only clinic-like entity at this address is 'Northeast Medical Plaza'; likely where the provider practices at this address,780,766.0
9999 KENWORTHY ST STE 1000 EL PASO TX 79924,"9999 Kenworthy St STE 1000, El Paso, TX 79924, United States","John Perry Thomas, III, MD",WellMed at Kenworthy,0.92,Same address group and same phone number; provider profile hosted on WellMed site associated with the Kenworthy location.,519,292.0
EL PASO TX 79902,"El Paso, TX 79902, United States",Hernandez Jesus A MD,,0.6,No clinic/facility record listed for this address group; only individual MDs sharing the same phone/address,658,
EL PASO TX 79902,"El Paso, TX 79902, United States",Tune John M MD,,0.6,No clinic/facility record listed for this address group; only individual MDs sharing the same phone/address,659,
EL PASO TX 79905,"El Paso, TX 79905, United States",Villarreal Jorge MD,Alameda\El Paso Dr,0.55,Only apparent clinic/facility-like record at the same address; provider likely practices there.,361,1041.0
